IPLAUKU_DATA;SALTINIO_PAV;IMOKOS_KODAI;APRASYMAS;SUMA;
"02-NOV-15";"VMI";"22K";"Pajamos iš mokesčių inspekcijos";"1352669.34";
"09-NOV-15";"VMI";"22K";"Pajamos iš mokesčių inspekcijos";"896400.85";
"27-OCT-15";"VMI";"22K";"Pajamos iš mokesčių inspekcijos";"334743.03";
"15-OCT-15";"VMI";"22K";"Pajamos iš mokesčių inspekcijos";"1257885.37";
"21-OCT-15";"VMI";"22K";"Pajamos iš mokesčių inspekcijos";"245308.16";
"03-DEC-15";"VMI";"22K";"Pajamos iš mokesčių inspekcijos";"356257.42";
"11-DEC-15";"VMI";"22K";"Pajamos iš mokesčių inspekcijos";"953344.46";
"25-NOV-15";"VMI";"22K";"Pajamos iš mokesčių inspekcijos";"115076.45";
"07-OCT-15";"VMI";"22K";"Pajamos iš mokesčių inspekcijos";"951946.55";
"22-SEP-15";"VMI";"22K";"Pajamos iš mokesčių inspekcijos";"350614.89";
"09-SEP-15";"VMI";"22K";"Pajamos iš mokesčių inspekcijos";"19675.59";
"09-SEP-15";"VMI";"22K";"Pajamos iš mokesčių inspekcijos";"366662.01";
"09-SEP-15";"VMI";"22K";"Pajamos iš mokesčių inspekcijos";"37797.98";
"11-AUG-15";"VMI";"22K";"Pajamos iš mokesčių inspekcijos";"813054.19";
"10-AUG-15";"VMI";"22K";"Pajamos iš mokesčių inspekcijos";"776446.4";
"18-JUN-15";"VMI";"22K";"Pajamos iš mokesčių inspekcijos";"565436.04";
"02-DEC-15";"VMI";"22K";"Pajamos iš mokesčių inspekcijos";"486644.6";
"24-NOV-15";"VMI";"22K";"Pajamos iš mokesčių inspekcijos";"262694.56";
"19-NOV-15";"VMI";"22K";"Pajamos iš mokesčių inspekcijos";"210597.16";
"16-NOV-15";"VMI";"22K";"Pajamos iš mokesčių inspekcijos";"2700953.38";
"30-OCT-15";"VMI";"22K";"Pajamos iš mokesčių inspekcijos";"119738.3";
"30-OCT-15";"VMI";"22K";"Pajamos iš mokesčių inspekcijos";"8052.08";
"19-OCT-15";"VMI";"22K";"Pajamos iš mokesčių inspekcijos";"731778.85";
"19-OCT-15";"VMI";"22K";"Pajamos iš mokesčių inspekcijos";"6576.23";
"29-SEP-15";"VMI";"22K";"Pajamos iš mokesčių inspekcijos";"1015303.78";
"08-SEP-15";"VMI";"22K";"Pajamos iš mokesčių inspekcijos";"521851.35";
"23-JUN-15";"VMI";"22K";"Pajamos iš mokesčių inspekcijos";"796411.4";
"17-JUN-15";"VMI";"22K";"Pajamos iš mokesčių inspekcijos";"8097.25";
"17-JUN-15";"VMI";"22K";"Pajamos iš mokesčių inspekcijos";"143820.81";
"17-JUN-15";"VMI";"22K";"Pajamos iš mokesčių inspekcijos";"417427.22";
"17-JUN-15";"VMI";"22K";"Pajamos iš mokesčių inspekcijos";"250473.52";
"01-DEC-15";"VMI";"22K";"Pajamos iš mokesčių inspekcijos";"1874795.38";
"26-OCT-15";"VMI";"22K";"Pajamos iš mokesčių inspekcijos";"58334.78";
"17-SEP-15";"VMI";"22K";"Pajamos iš mokesčių inspekcijos";"150008.51";
"17-SEP-15";"VMI";"22K";"Pajamos iš mokesčių inspekcijos";"402105.58";
"17-SEP-15";"VMI";"22K";"Pajamos iš mokesčių inspekcijos";"33073.45";
"17-SEP-15";"VMI";"22K";"Pajamos iš mokesčių inspekcijos";"160568.33";
"31-AUG-15";"VMI";"22K";"Pajamos iš mokesčių inspekcijos";"394452.79";
"07-AUG-15";"VMI";"22K";"Pajamos iš mokesčių inspekcijos";"526140.56";
"30-JUN-15";"VMI";"22K";"Pajamos iš mokesčių inspekcijos";"1500095.79";
"01-JUN-15";"VMI";"22K";"Pajamos iš mokesčių inspekcijos";"1904377.01";
"08-DEC-15";"VMI";"22K";"Pajamos iš mokesčių inspekcijos";"666725.71";
"30-NOV-15";"VMI";"22K";"Pajamos iš mokesčių inspekcijos";"398009.56";
"14-OCT-15";"VMI";"22K";"Pajamos iš mokesčių inspekcijos";"783118.81";
"13-OCT-15";"VMI";"22K";"Pajamos iš mokesčių inspekcijos";"289959.86";
"13-OCT-15";"VMI";"22K";"Pajamos iš mokesčių inspekcijos";"374686.21";
"13-OCT-15";"VMI";"22K";"Pajamos iš mokesčių inspekcijos";"1470.98";
"28-SEP-15";"VMI";"22K";"Pajamos iš mokesčių inspekcijos";"696685.81";
"16-SEP-15";"VMI";"22K";"Pajamos iš mokesčių inspekcijos";"2738588.27";
"16-SEP-15";"VMI";"22K";"Pajamos iš mokesčių inspekcijos";"36656.04";
"11-SEP-15";"VMI";"22K";"Pajamos iš mokesčių inspekcijos";"2760.72";
"11-SEP-15";"VMI";"22K";"Pajamos iš mokesčių inspekcijos";"510910.74";
"11-SEP-15";"VMI";"22K";"Pajamos iš mokesčių inspekcijos";"349533";
"31-JUL-15";"VMI";"22K";"Pajamos iš mokesčių inspekcijos";"403874.85";
"09-JUL-15";"VMI";"22K";"Pajamos iš mokesčių inspekcijos";"1184472.38";
"29-JUN-15";"VMI";"22K";"Pajamos iš mokesčių inspekcijos";"984749.22";
"12-JUN-15";"VMI";"22K";"Pajamos iš mokesčių inspekcijos";"214088.69";
"12-JUN-15";"VMI";"22K";"Pajamos iš mokesčių inspekcijos";"33666.57";
"12-JUN-15";"VMI";"22K";"Pajamos iš mokesčių inspekcijos";"263248.59";
"12-JUN-15";"VMI";"22K";"Pajamos iš mokesčių inspekcijos";"161868.23";
"05-JUN-15";"VMI";"22K";"Pajamos iš mokesčių inspekcijos";"696403.19";
"29-MAY-15";"VMI";"22K";"Pajamos iš mokesčių inspekcijos";"671399.75";
"26-MAY-15";"VMI";"22K";"Pajamos iš mokesčių inspekcijos";"291770.51";
"13-NOV-15";"VMI";"22K";"Pajamos iš mokesčių inspekcijos";"141090.56";
"13-NOV-15";"VMI";"22K";"Pajamos iš mokesčių inspekcijos";"37007.26";
"13-NOV-15";"VMI";"22K";"Pajamos iš mokesčių inspekcijos";"184253.29";
"13-NOV-15";"VMI";"22K";"Pajamos iš mokesčių inspekcijos";"600113.21";
"13-NOV-15";"VMI";"22K";"Pajamos iš mokesčių inspekcijos";"259032.94";
"12-NOV-15";"VMI";"22K";"Pajamos iš mokesčių inspekcijos";"65630.18";
"12-NOV-15";"VMI";"22K";"Pajamos iš mokesčių inspekcijos";"515676.92";
"06-NOV-15";"VMI";"22K";"Pajamos iš mokesčių inspekcijos";"622400.47";
"23-OCT-15";"VMI";"22K";"Pajamos iš mokesčių inspekcijos";"215236.62";
"06-OCT-15";"VMI";"22K";"Pajamos iš mokesčių inspekcijos";"957012.69";
"30-JUL-15";"VMI";"22K";"Pajamos iš mokesčių inspekcijos";"261000.47";
"08-JUL-15";"VMI";"22K";"Pajamos iš mokesčių inspekcijos";"502314.72";
"13-MAY-15";"VMI";"22K";"Pajamos iš mokesčių inspekcijos";"720873.06";
"05-OCT-15";"VMI";"22K";"Pajamos iš mokesčių inspekcijos";"420";
"05-OCT-15";"VMI";"22K";"Pajamos iš mokesčių inspekcijos";"696333.01";
"07-SEP-15";"VMI";"22K";"Pajamos iš mokesčių inspekcijos";"1137377.45";
"06-AUG-15";"VMI";"22K";"Pajamos iš mokesčių inspekcijos";"690198.39";
"06-AUG-15";"VMI";"22K";"Pajamos iš mokesčių inspekcijos";"703.5";
"22-JUL-15";"VMI";"22K";"Pajamos iš mokesčių inspekcijos";"350244.56";
"21-JUL-15";"VMI";"22K";"Pajamos iš mokesčių inspekcijos";"215430.33";
"20-JUL-15";"VMI";"22K";"Pajamos iš mokesčių inspekcijos";"185100.04";
"20-JUL-15";"VMI";"22K";"Pajamos iš mokesčių inspekcijos";"302989.1";
"20-JUL-15";"VMI";"22K";"Pajamos iš mokesčių inspekcijos";"793849.78";
"11-JUN-15";"VMI";"22K";"Pajamos iš mokesčių inspekcijos";"589166.26";
"18-NOV-15";"VMI";"22K";"Pajamos iš mokesčių inspekcijos";"812895.39";
"18-NOV-15";"VMI";"22K";"Pajamos iš mokesčių inspekcijos";"62409.95";
"12-OCT-15";"VMI";"22K";"Pajamos iš mokesčių inspekcijos";"1135052.14";
"05-AUG-15";"VMI";"22K";"Pajamos iš mokesčių inspekcijos";"4144.86";
"05-AUG-15";"VMI";"22K";"Pajamos iš mokesčių inspekcijos";"54719.82";
"05-AUG-15";"VMI";"22K";"Pajamos iš mokesčių inspekcijos";"49580.69";
"05-AUG-15";"VMI";"22K";"Pajamos iš mokesčių inspekcijos";"120537.82";
"05-AUG-15";"VMI";"22K";"Pajamos iš mokesčių inspekcijos";"101934.98";
"05-AUG-15";"VMI";"22K";"Pajamos iš mokesčių inspekcijos";"5535.28";
"05-AUG-15";"VMI";"22K";"Pajamos iš mokesčių inspekcijos";"56827.96";
"29-JUL-15";"VMI";"22K";"Pajamos iš mokesčių inspekcijos";"174603.77";
"07-JUL-15";"VMI";"22K";"Pajamos iš mokesčių inspekcijos";"1179131.4";
"29-APR-15";"VMI";"22K";"Pajamos iš mokesčių inspekcijos";"1298721.49";
"27-APR-15";"VMI";"22K";"Pajamos iš mokesčių inspekcijos";"260151.57";
"27-MAR-15";"VMI";"22K";"Pajamos iš mokesčių inspekcijos";"640581.96";
"12-MAR-15";"VMI";"22K";"Pajamos iš mokesčių inspekcijos";"949504.62";
"05-MAR-15";"VMI";"22K";"Pajamos iš mokesčių inspekcijos";"182245.63";
"05-NOV-15";"VMI";"22K";"Pajamos iš mokesčių inspekcijos";"553816.11";
"20-OCT-15";"VMI";"22K";"Pajamos iš mokesčių inspekcijos";"425441.86";
"16-OCT-15";"VMI";"22K";"Pajamos iš mokesčių inspekcijos";"2994476.37";
"25-SEP-15";"VMI";"22K";"Pajamos iš mokesčių inspekcijos";"704095.88";
"28-AUG-15";"VMI";"22K";"Pajamos iš mokesčių inspekcijos";"137935.56";
"27-AUG-15";"VMI";"22K";"Pajamos iš mokesčių inspekcijos";"397976.99";
"26-AUG-15";"VMI";"22K";"Pajamos iš mokesčių inspekcijos";"208024.74";
"25-AUG-15";"VMI";"22K";"Pajamos iš mokesčių inspekcijos";"357830.01";
"24-AUG-15";"VMI";"22K";"Pajamos iš mokesčių inspekcijos";"211371.43";
"21-AUG-15";"VMI";"22K";"Pajamos iš mokesčių inspekcijos";"203444.84";
"12-AUG-15";"VMI";"22K";"Pajamos iš mokesčių inspekcijos";"460744.19";
"16-JUL-15";"VMI";"22K";"Pajamos iš mokesčių inspekcijos";"3233218.19";
"15-JUL-15";"VMI";"22K";"Pajamos iš mokesčių inspekcijos";"1635855.29";
"14-JUL-15";"VMI";"22K";"Pajamos iš mokesčių inspekcijos";"723844.75";
"13-JUL-15";"VMI";"22K";"Pajamos iš mokesčių inspekcijos";"868011.98";
"10-JUL-15";"VMI";"22K";"Pajamos iš mokesčių inspekcijos";"749846.94";
"19-JUN-15";"VMI";"22K";"Pajamos iš mokesčių inspekcijos";"354086.63";
"22-JUN-15";"VMI";"22K";"Pajamos iš mokesčių inspekcijos";"397079.23";
"21-MAY-15";"VMI";"22K";"Pajamos iš mokesčių inspekcijos";"265819.32";
"18-MAY-15";"VMI";"22K";"Pajamos iš mokesčių inspekcijos";"2595915.34";
"14-MAY-15";"VMI";"22K";"Pajamos iš mokesčių inspekcijos";"741084.45";
"12-MAY-15";"VMI";"22K";"Pajamos iš mokesčių inspekcijos";"592113.77";
"04-MAY-15";"VMI";"22K";"Pajamos iš mokesčių inspekcijos";"3480905.81";
"03-APR-15";"VMI";"22K";"Pajamos iš mokesčių inspekcijos";"932358.17";
"30-MAR-15";"VMI";"22K";"Pajamos iš mokesčių inspekcijos";"630841.4";
"17-FEB-15";"VMI";"22K";"Pajamos iš mokesčių inspekcijos";"2738356.93";
"06-FEB-15";"VMI";"22K";"Pajamos iš mokesčių inspekcijos";"1726381.58";
"07-DEC-15";"VMI";"22K";"Pajamos iš mokesčių inspekcijos";"965654.45";
"04-DEC-15";"VMI";"22K";"Pajamos iš mokesčių inspekcijos";"596831.61";
"11-NOV-15";"VMI";"22K";"Pajamos iš mokesčių inspekcijos";"834390.59";
"02-OCT-15";"VMI";"22K";"Pajamos iš mokesčių inspekcijos";"620371.1";
"01-OCT-15";"VMI";"22K";"Pajamos iš mokesčių inspekcijos";"3616097.5";
"20-AUG-15";"VMI";"22K";"Pajamos iš mokesčių inspekcijos";"269574.89";
"19-AUG-15";"VMI";"22K";"Pajamos iš mokesčių inspekcijos";"529767.99";
"28-JUL-15";"VMI";"22K";"Pajamos iš mokesčių inspekcijos";"214150.62";
"03-JUL-15";"VMI";"22K";"Pajamos iš mokesčių inspekcijos";"467670.97";
"07-MAY-15";"VMI";"22K";"Pajamos iš mokesčių inspekcijos";"528604.6";
"24-APR-15";"VMI";"22K";"Pajamos iš mokesčių inspekcijos";"241735.49";
"17-APR-15";"VMI";"22K";"Pajamos iš mokesčių inspekcijos";"34921.35";
"17-APR-15";"VMI";"22K";"Pajamos iš mokesčių inspekcijos";"550003.64";
"15-APR-15";"VMI";"22K";"Pajamos iš mokesčių inspekcijos";"1653171.86";
"10-APR-15";"VMI";"22K";"Pajamos iš mokesčių inspekcijos";"879404.03";
"01-APR-15";"VMI";"22K";"Pajamos iš mokesčių inspekcijos";"3704839.48";
"19-MAR-15";"VMI";"22K";"Pajamos iš mokesčių inspekcijos";"279372.87";
"16-MAR-15";"VMI";"22K";"Pajamos iš mokesčių inspekcijos";"2681776.62";
"09-MAR-15";"VMI";"22K";"Pajamos iš mokesčių inspekcijos";"942541.73";
"25-FEB-15";"VMI";"22K";"Pajamos iš mokesčių inspekcijos";"115079.98";
"19-FEB-15";"VMI";"22K";"Pajamos iš mokesčių inspekcijos";"488136.14";
"23-NOV-15";"VMI";"22K";"Pajamos iš mokesčių inspekcijos";"388297.69";
"04-NOV-15";"VMI";"22K";"Pajamos iš mokesčių inspekcijos";"578063.94";
"24-SEP-15";"VMI";"22K";"Pajamos iš mokesčių inspekcijos";"598112.01";
"15-SEP-15";"VMI";"22K";"Pajamos iš mokesčių inspekcijos";"1405083.19";
"10-SEP-15";"VMI";"22K";"Pajamos iš mokesčių inspekcijos";"408564.23";
"10-SEP-15";"VMI";"22K";"Pajamos iš mokesčių inspekcijos";"120099.03";
"18-AUG-15";"VMI";"22K";"Pajamos iš mokesčių inspekcijos";"1525120.72";
"17-AUG-15";"VMI";"22K";"Pajamos iš mokesčių inspekcijos";"915401.76";
"17-AUG-15";"VMI";"22K";"Pajamos iš mokesčių inspekcijos";"1620620.41";
"14-AUG-15";"VMI";"22K";"Pajamos iš mokesčių inspekcijos";"895273.12";
"13-AUG-15";"VMI";"22K";"Pajamos iš mokesčių inspekcijos";"679944.65";
"04-AUG-15";"VMI";"22K";"Pajamos iš mokesčių inspekcijos";"479069.72";
"26-JUN-15";"VMI";"22K";"Pajamos iš mokesčių inspekcijos";"670577.8";
"16-JUN-15";"VMI";"22K";"Pajamos iš mokesčių inspekcijos";"3413874.1";
"03-JUN-15";"VMI";"22K";"Pajamos iš mokesčių inspekcijos";"268645.37";
"04-JUN-15";"VMI";"22K";"Pajamos iš mokesčių inspekcijos";"309769.87";
"28-MAY-15";"VMI";"22K";"Pajamos iš mokesčių inspekcijos";"516098.28";
"25-MAY-15";"VMI";"22K";"Pajamos iš mokesčių inspekcijos";"167851.71";
"22-MAY-15";"VMI";"22K";"Pajamos iš mokesčių inspekcijos";"427534.67";
"15-MAY-15";"VMI";"22K";"Pajamos iš mokesčių inspekcijos";"1310056.86";
"13-APR-15";"VMI";"22K";"Pajamos iš mokesčių inspekcijos";"925387.84";
"08-APR-15";"VMI";"22K";"Pajamos iš mokesčių inspekcijos";"490714.92";
"31-MAR-15";"VMI";"22K";"Pajamos iš mokesčių inspekcijos";"1178803.18";
"18-MAR-15";"VMI";"22K";"Pajamos iš mokesčių inspekcijos";"777781.28";
"03-MAR-15";"VMI";"22K";"Pajamos iš mokesčių inspekcijos";"5153.63";
"05-FEB-15";"VMI";"22K";"Pajamos iš mokesčių inspekcijos";"1608241.12";
"04-FEB-15";"VMI";"22K";"Pajamos iš mokesčių inspekcijos";"265851.77";
"04-FEB-15";"VMI";"22K";"Pajamos iš mokesčių inspekcijos";"629007.14";
"04-FEB-15";"VMI";"22K";"Pajamos iš mokesčių inspekcijos";"26678.74";
"04-FEB-15";"VMI";"22K";"Pajamos iš mokesčių inspekcijos";"109655.98";
"04-FEB-15";"VMI";"22K";"Pajamos iš mokesčių inspekcijos";"497740.67";
"04-FEB-15";"VMI";"22K";"Pajamos iš mokesčių inspekcijos";"230733.91";
"04-FEB-15";"VMI";"22K";"Pajamos iš mokesčių inspekcijos";"1375929.06";
"04-FEB-15";"VMI";"22K";"Pajamos iš mokesčių inspekcijos";"494460.13";
"04-FEB-15";"VMI";"22K";"Pajamos iš mokesčių inspekcijos";"43215.36";
"13-FEB-15";"VMI";"22K";"Pajamos iš mokesčių inspekcijos";"1167446.3";
"10-DEC-15";"VMI";"22K";"Pajamos iš mokesčių inspekcijos";"746735.92";
"27-NOV-15";"VMI";"22K";"Pajamos iš mokesčių inspekcijos";"262169.03";
"27-NOV-15";"VMI";"22K";"Pajamos iš mokesčių inspekcijos";"4868.74";
"20-NOV-15";"VMI";"22K";"Pajamos iš mokesčių inspekcijos";"180796.49";
"09-OCT-15";"VMI";"22K";"Pajamos iš mokesčių inspekcijos";"697201.24";
"21-SEP-15";"VMI";"22K";"Pajamos iš mokesčių inspekcijos";"300756.17";
"04-SEP-15";"VMI";"22K";"Pajamos iš mokesčių inspekcijos";"73806.52";
"04-SEP-15";"VMI";"22K";"Pajamos iš mokesčių inspekcijos";"213000.98";
"02-JUL-15";"VMI";"22K";"Pajamos iš mokesčių inspekcijos";"1128728.66";
"09-JUN-15";"VMI";"22K";"Pajamos iš mokesčių inspekcijos";"622401.45";
"08-JUN-15";"VMI";"22K";"Pajamos iš mokesčių inspekcijos";"1254521.82";
"06-MAY-15";"VMI";"22K";"Pajamos iš mokesčių inspekcijos";"2793640.84";
"06-MAY-15";"VMI";"22K";"Pajamos iš mokesčių inspekcijos";"710737.49";
"30-APR-15";"VMI";"22K";"Pajamos iš mokesčių inspekcijos";"697253.81";
"23-APR-15";"VMI";"22K";"Pajamos iš mokesčių inspekcijos";"391883.17";
"24-MAR-15";"VMI";"22K";"Pajamos iš mokesčių inspekcijos";"540632.21";
"03-FEB-15";"VMI";"22K";"Pajamos iš mokesčių inspekcijos";"3070384.09";
"03-FEB-15";"VMI";"22K";"Pajamos iš mokesčių inspekcijos";"5432649.28";
"30-JAN-15";"VMI";"22K";"Pajamos iš mokesčių inspekcijos";"529519.74";
"02-FEB-15";"VMI";"22K";"Pajamos iš mokesčių inspekcijos";"2425481.16";
"10-NOV-15";"VMI";"22K";"Pajamos iš mokesčių inspekcijos";"1090389.25";
"10-NOV-15";"VMI";"22K";"Pajamos iš mokesčių inspekcijos";"119454.28";
"03-NOV-15";"VMI";"22K";"Pajamos iš mokesčių inspekcijos";"1189969.96";
"30-SEP-15";"VMI";"22K";"Pajamos iš mokesčių inspekcijos";"1100015.55";
"23-SEP-15";"VMI";"22K";"Pajamos iš mokesčių inspekcijos";"867498.77";
"04-SEP-15";"VMI";"22K";"Pajamos iš mokesčių inspekcijos";"113702.27";
"04-SEP-15";"VMI";"22K";"Pajamos iš mokesčių inspekcijos";"3164.34";
"06-MAY-15";"VMI";"22K";"Pajamos iš mokesčių inspekcijos";"63789.67";
"30-APR-15";"VMI";"22K";"Pajamos iš mokesčių inspekcijos";"210051.75";
"20-APR-15";"VMI";"22K";"Pajamos iš mokesčių inspekcijos";"572569.46";
"07-APR-15";"VMI";"22K";"Pajamos iš mokesčių inspekcijos";"956639.9";
"26-MAR-15";"VMI";"22K";"Pajamos iš mokesčių inspekcijos";"951745.76";
"06-MAR-15";"VMI";"22K";"Pajamos iš mokesčių inspekcijos";"1063097.47";
"23-FEB-15";"VMI";"22K";"Pajamos iš mokesčių inspekcijos";"396374.92";
"11-FEB-15";"VMI";"22K";"Pajamos iš mokesčių inspekcijos";"1094348.05";
"29-JAN-15";"VMI";"22K";"Pajamos iš mokesčių inspekcijos";"362047.03";
"28-JAN-15";"VMI";"22K";"Pajamos iš mokesčių inspekcijos";"204586.61";
"17-NOV-15";"VMI";"22K";"Pajamos iš mokesčių inspekcijos";"2724236.51";
"08-OCT-15";"VMI";"22K";"Pajamos iš mokesčių inspekcijos";"818084.85";
"18-SEP-15";"VMI";"22K";"Pajamos iš mokesčių inspekcijos";"371849.69";
"03-SEP-15";"VMI";"22K";"Pajamos iš mokesčių inspekcijos";"52501.85";
"03-SEP-15";"VMI";"22K";"Pajamos iš mokesčių inspekcijos";"290860.11";
"03-AUG-15";"VMI";"22K";"Pajamos iš mokesčių inspekcijos";"1897521.26";
"27-JUL-15";"VMI";"22K";"Pajamos iš mokesčių inspekcijos";"2942.42";
"27-JUL-15";"VMI";"22K";"Pajamos iš mokesčių inspekcijos";"329128.65";
"24-JUL-15";"VMI";"22K";"Pajamos iš mokesčių inspekcijos";"164463.19";
"23-JUL-15";"VMI";"22K";"Pajamos iš mokesčių inspekcijos";"344447.78";
"02-JUN-15";"VMI";"22K";"Pajamos iš mokesčių inspekcijos";"547588.05";
"20-MAY-15";"VMI";"22K";"Pajamos iš mokesčių inspekcijos";"435337.34";
"11-MAY-15";"VMI";"22K";"Pajamos iš mokesčių inspekcijos";"1358443.52";
"28-APR-15";"VMI";"22K";"Pajamos iš mokesčių inspekcijos";"527848.78";
"14-APR-15";"VMI";"22K";"Pajamos iš mokesčių inspekcijos";"719698.72";
"02-APR-15";"VMI";"22K";"Pajamos iš mokesčių inspekcijos";"666576.97";
"25-MAR-15";"VMI";"22K";"Pajamos iš mokesčių inspekcijos";"651631.74";
"09-JAN-15";"VMI";"22K";"Pajamos iš mokesčių inspekcijos";"10272.6";
"09-JAN-15";"VMI";"22K";"Pajamos iš mokesčių inspekcijos";"138007.57";
"09-JAN-15";"VMI";"22K";"Pajamos iš mokesčių inspekcijos";"3743.29";
"09-JAN-15";"VMI";"22K";"Pajamos iš mokesčių inspekcijos";"110576.49";
"09-JAN-15";"VMI";"22K";"Pajamos iš mokesčių inspekcijos";"8550.33";
"09-JAN-15";"VMI";"22K";"Pajamos iš mokesčių inspekcijos";"301639.39";
"09-JAN-15";"VMI";"22K";"Pajamos iš mokesčių inspekcijos";"52.13";
"09-JAN-15";"VMI";"22K";"Pajamos iš mokesčių inspekcijos";"1860.5";
"09-JAN-15";"VMI";"22K";"Pajamos iš mokesčių inspekcijos";"2832.21";
"09-JAN-15";"VMI";"22K";"Pajamos iš mokesčių inspekcijos";"763539.9";
"09-JAN-15";"VMI";"22K";"Pajamos iš mokesčių inspekcijos";"75838.72";
"20-MAR-15";"VMI";"22K";"Pajamos iš mokesčių inspekcijos";"465357.38";
"24-FEB-15";"VMI";"22K";"Pajamos iš mokesčių inspekcijos";"380476.11";
"02-MAR-15";"VMI";"22K";"Pajamos iš mokesčių inspekcijos";"868850.11";
"26-FEB-15";"VMI";"22K";"Pajamos iš mokesčių inspekcijos";"195743.72";
"27-JAN-15";"VMI";"22K";"Pajamos iš mokesčių inspekcijos";"431048.36";
"26-JAN-15";"VMI";"22K";"Pajamos iš mokesčių inspekcijos";"415290.96";
"14-DEC-15";"VMI";"22K";"Pajamos iš mokesčių inspekcijos";"201333.35";
"14-DEC-15";"VMI";"22K";"Pajamos iš mokesčių inspekcijos";"442394.76";
"09-DEC-15";"VMI";"22K";"Pajamos iš mokesčių inspekcijos";"718063.57";
"09-DEC-15";"VMI";"22K";"Pajamos iš mokesčių inspekcijos";"65453.58";
"28-OCT-15";"VMI";"22K";"Pajamos iš mokesčių inspekcijos";"225534.23";
"22-OCT-15";"VMI";"22K";"Pajamos iš mokesčių inspekcijos";"458135.16";
"14-SEP-15";"VMI";"22K";"Pajamos iš mokesčių inspekcijos";"48193.89";
"14-SEP-15";"VMI";"22K";"Pajamos iš mokesčių inspekcijos";"749944.64";
"01-JUL-15";"VMI";"22K";"Pajamos iš mokesčių inspekcijos";"3991040.58";
"25-JUN-15";"VMI";"22K";"Pajamos iš mokesčių inspekcijos";"522712.21";
"08-MAY-15";"VMI";"22K";"Pajamos iš mokesčių inspekcijos";"914862.54";
"22-APR-15";"VMI";"22K";"Pajamos iš mokesčių inspekcijos";"206348.87";
"22-APR-15";"VMI";"22K";"Pajamos iš mokesčių inspekcijos";"6912.08";
"22-APR-15";"VMI";"22K";"Pajamos iš mokesčių inspekcijos";"333265.53";
"16-APR-15";"VMI";"22K";"Pajamos iš mokesčių inspekcijos";"2679359.51";
"21-APR-15";"VMI";"22K";"Pajamos iš mokesčių inspekcijos";"537803.64";
"09-APR-15";"VMI";"22K";"Pajamos iš mokesčių inspekcijos";"1107311.35";
"17-MAR-15";"VMI";"22K";"Pajamos iš mokesčių inspekcijos";"2132277.07";
"20-FEB-15";"VMI";"22K";"Pajamos iš mokesčių inspekcijos";"463392.06";
"18-FEB-15";"VMI";"22K";"Pajamos iš mokesčių inspekcijos";"923913.85";
"26-NOV-15";"VMI";"22K";"Pajamos iš mokesčių inspekcijos";"299913.73";
"01-SEP-15";"VMI";"22K";"Pajamos iš mokesčių inspekcijos";"1616294.83";
"02-SEP-15";"VMI";"22K";"Pajamos iš mokesčių inspekcijos";"354445.2";
"10-JUN-15";"VMI";"22K";"Pajamos iš mokesčių inspekcijos";"650071.45";
"15-JUN-15";"VMI";"22K";"Pajamos iš mokesčių inspekcijos";"1247556.37";
"19-MAY-15";"VMI";"22K";"Pajamos iš mokesčių inspekcijos";"469281.83";
"27-MAY-15";"VMI";"22K";"Pajamos iš mokesčių inspekcijos";"189036.35";
"23-MAR-15";"VMI";"22K";"Pajamos iš mokesčių inspekcijos";"313994.84";
"13-MAR-15";"VMI";"22K";"Pajamos iš mokesčių inspekcijos";"812308.49";
"10-MAR-15";"VMI";"22K";"Pajamos iš mokesčių inspekcijos";"38062.12";
"10-MAR-15";"VMI";"22K";"Pajamos iš mokesčių inspekcijos";"200161.31";
"10-MAR-15";"VMI";"22K";"Pajamos iš mokesčių inspekcijos";"167770.34";
"10-MAR-15";"VMI";"22K";"Pajamos iš mokesčių inspekcijos";"339716.89";
"10-MAR-15";"VMI";"22K";"Pajamos iš mokesčių inspekcijos";"230430.82";
"04-MAR-15";"VMI";"22K";"Pajamos iš mokesčių inspekcijos";"145883.61";
"27-FEB-15";"VMI";"22K";"Pajamos iš mokesčių inspekcijos";"174261.91";
"12-FEB-15";"VMI";"22K";"Pajamos iš mokesčių inspekcijos";"750068.88";
"09-FEB-15";"VMI";"22K";"Pajamos iš mokesčių inspekcijos";"1257622.33";
"23-JAN-15";"VMI";"22K";"Pajamos iš mokesčių inspekcijos";"142226.49";
"10-FEB-15";"VMI";"22K";"Pajamos iš mokesčių inspekcijos";"820126.88";
"22-JAN-15";"VMI";"22K";"Pajamos iš mokesčių inspekcijos";"434003.84";
"21-JAN-15";"VMI";"22K";"Pajamos iš mokesčių inspekcijos";"80963.64";
"20-JAN-15";"VMI";"22K";"Pajamos iš mokesčių inspekcijos";"357037.38";
"19-JAN-15";"VMI";"22K";"Pajamos iš mokesčių inspekcijos";"872986.2";
"16-JAN-15";"VMI";"22K";"Pajamos iš mokesčių inspekcijos";"1687668.37";
"15-JAN-15";"VMI";"22K";"Pajamos iš mokesčių inspekcijos";"922413";
"13-JAN-15";"VMI";"22K";"Pajamos iš mokesčių inspekcijos";"225267.24";
"14-JAN-15";"VMI";"22K";"Pajamos iš mokesčių inspekcijos";"679879.83";
"12-JAN-15";"VMI";"22K";"Pajamos iš mokesčių inspekcijos";"1083.73";
"12-JAN-15";"VMI";"22K";"Pajamos iš mokesčių inspekcijos";"19107.25";
"12-JAN-15";"VMI";"22K";"Pajamos iš mokesčių inspekcijos";"4479.46";
"12-JAN-15";"VMI";"22K";"Pajamos iš mokesčių inspekcijos";"593468.82";
"12-JAN-15";"VMI";"22K";"Pajamos iš mokesčių inspekcijos";"335920.24";
"12-JAN-15";"VMI";"22K";"Pajamos iš mokesčių inspekcijos";"7681.53";
"12-JAN-15";"VMI";"22K";"Pajamos iš mokesčių inspekcijos";"37900.57";
"12-JAN-15";"VMI";"22K";"Pajamos iš mokesčių inspekcijos";"47928.56";
"02-NOV-15";"VMI";"37";"Pajamos iš mokesčių inspekcijos";"206.31";
"21-OCT-15";"VMI";"37";"Pajamos iš mokesčių inspekcijos";"83.73";
"22-SEP-15";"VMI";"37";"Pajamos iš mokesčių inspekcijos";"20.21";
"09-SEP-15";"VMI";"37";"Pajamos iš mokesčių inspekcijos";"7.3";
"10-AUG-15";"VMI";"37";"Pajamos iš mokesčių inspekcijos";"4.66";
"18-JUN-15";"VMI";"37";"Pajamos iš mokesčių inspekcijos";"28.04";
"02-DEC-15";"VMI";"37";"Pajamos iš mokesčių inspekcijos";"770.45";
"30-OCT-15";"VMI";"37";"Pajamos iš mokesčių inspekcijos";"638.6";
"19-OCT-15";"VMI";"37";"Pajamos iš mokesčių inspekcijos";"20.11";
"29-SEP-15";"VMI";"37";"Pajamos iš mokesčių inspekcijos";"28.11";
"08-SEP-15";"VMI";"37";"Pajamos iš mokesčių inspekcijos";".04";
"23-JUN-15";"VMI";"37";"Pajamos iš mokesčių inspekcijos";"101.66";
"17-JUN-15";"VMI";"37";"Pajamos iš mokesčių inspekcijos";"206.27";
"26-OCT-15";"VMI";"37";"Pajamos iš mokesčių inspekcijos";"194.36";
"31-AUG-15";"VMI";"37";"Pajamos iš mokesčių inspekcijos";"243.72";
"07-AUG-15";"VMI";"37";"Pajamos iš mokesčių inspekcijos";"24.65";
"01-JUN-15";"VMI";"37";"Pajamos iš mokesčių inspekcijos";"1253.18";
"28-SEP-15";"VMI";"37";"Pajamos iš mokesčių inspekcijos";"20.59";
"16-SEP-15";"VMI";"37";"Pajamos iš mokesčių inspekcijos";"2.71";
"11-SEP-15";"VMI";"37";"Pajamos iš mokesčių inspekcijos";"190.99";
"31-JUL-15";"VMI";"37";"Pajamos iš mokesčių inspekcijos";"47.64";
"12-JUN-15";"VMI";"37";"Pajamos iš mokesčių inspekcijos";"1571.6";
"05-JUN-15";"VMI";"37";"Pajamos iš mokesčių inspekcijos";"224.63";
"29-MAY-15";"VMI";"37";"Pajamos iš mokesčių inspekcijos";"274.92";
"29-OCT-15";"VMI";"37";"Pajamos iš mokesčių inspekcijos";"2.07";
"23-OCT-15";"VMI";"37";"Pajamos iš mokesčių inspekcijos";"188.85";
"06-OCT-15";"VMI";"37";"Pajamos iš mokesčių inspekcijos";"2.83";
"13-MAY-15";"VMI";"37";"Pajamos iš mokesčių inspekcijos";"141.88";
"05-OCT-15";"VMI";"37";"Pajamos iš mokesčių inspekcijos";"873.86";
"07-SEP-15";"VMI";"37";"Pajamos iš mokesčių inspekcijos";"22.26";
"06-AUG-15";"VMI";"37";"Pajamos iš mokesčių inspekcijos";"19.43";
"11-JUN-15";"VMI";"37";"Pajamos iš mokesčių inspekcijos";"142.18";
"05-AUG-15";"VMI";"37";"Pajamos iš mokesčių inspekcijos";"6.3";
"29-APR-15";"VMI";"37";"Pajamos iš mokesčių inspekcijos";"456.7";
"27-APR-15";"VMI";"37";"Pajamos iš mokesčių inspekcijos";"1036.72";
"27-MAR-15";"VMI";"37";"Pajamos iš mokesčių inspekcijos";"3706.23";
"12-MAR-15";"VMI";"37";"Pajamos iš mokesčių inspekcijos";"8491.36";
"05-MAR-15";"VMI";"37";"Pajamos iš mokesčių inspekcijos";"21963.44";
"20-OCT-15";"VMI";"37";"Pajamos iš mokesčių inspekcijos";"8.46";
"16-OCT-15";"VMI";"37";"Pajamos iš mokesčių inspekcijos";"62.04";
"25-SEP-15";"VMI";"37";"Pajamos iš mokesčių inspekcijos";"471.76";
"28-AUG-15";"VMI";"37";"Pajamos iš mokesčių inspekcijos";"3.95";
"27-AUG-15";"VMI";"37";"Pajamos iš mokesčių inspekcijos";"72.99";
"26-AUG-15";"VMI";"37";"Pajamos iš mokesčių inspekcijos";".3";
"25-AUG-15";"VMI";"37";"Pajamos iš mokesčių inspekcijos";"26.11";
"24-AUG-15";"VMI";"37";"Pajamos iš mokesčių inspekcijos";"21.13";
"21-AUG-15";"VMI";"37";"Pajamos iš mokesčių inspekcijos";"221.78";
"12-AUG-15";"VMI";"37";"Pajamos iš mokesčių inspekcijos";"21.4";
"19-JUN-15";"VMI";"37";"Pajamos iš mokesčių inspekcijos";"10.25";
"22-JUN-15";"VMI";"37";"Pajamos iš mokesčių inspekcijos";"1078.77";
"21-MAY-15";"VMI";"37";"Pajamos iš mokesčių inspekcijos";"677";
"18-MAY-15";"VMI";"37";"Pajamos iš mokesčių inspekcijos";"1004.5";
"14-MAY-15";"VMI";"37";"Pajamos iš mokesčių inspekcijos";"555.25";
"12-MAY-15";"VMI";"37";"Pajamos iš mokesčių inspekcijos";"173.48";
"04-MAY-15";"VMI";"37";"Pajamos iš mokesčių inspekcijos";"61386.28";
"03-APR-15";"VMI";"37";"Pajamos iš mokesčių inspekcijos";"1265.68";
"30-MAR-15";"VMI";"37";"Pajamos iš mokesčių inspekcijos";"1234.7";
"17-FEB-15";"VMI";"37";"Pajamos iš mokesčių inspekcijos";"36.69";
"10-FEB-15";"VMI";"37";"Pajamos iš mokesčių inspekcijos";"14.24";
"06-FEB-15";"VMI";"37";"Pajamos iš mokesčių inspekcijos";"156.98";
"02-OCT-15";"VMI";"37";"Pajamos iš mokesčių inspekcijos";"293.17";
"01-OCT-15";"VMI";"37";"Pajamos iš mokesčių inspekcijos";"35.99";
"20-AUG-15";"VMI";"37";"Pajamos iš mokesčių inspekcijos";"229.51";
"19-AUG-15";"VMI";"37";"Pajamos iš mokesčių inspekcijos";"10.53";
"07-MAY-15";"VMI";"37";"Pajamos iš mokesčių inspekcijos";"21131.42";
"24-APR-15";"VMI";"37";"Pajamos iš mokesčių inspekcijos";"13126.36";
"17-APR-15";"VMI";"37";"Pajamos iš mokesčių inspekcijos";"955.06";
"15-APR-15";"VMI";"37";"Pajamos iš mokesčių inspekcijos";"4057.25";
"10-APR-15";"VMI";"37";"Pajamos iš mokesčių inspekcijos";"45.27";
"01-APR-15";"VMI";"37";"Pajamos iš mokesčių inspekcijos";"2688.54";
"19-MAR-15";"VMI";"37";"Pajamos iš mokesčių inspekcijos";"3548.66";
"16-MAR-15";"VMI";"37";"Pajamos iš mokesčių inspekcijos";"4964.31";
"09-MAR-15";"VMI";"37";"Pajamos iš mokesčių inspekcijos";"9639.41";
"25-FEB-15";"VMI";"37";"Pajamos iš mokesčių inspekcijos";"1.64";
"19-FEB-15";"VMI";"37";"Pajamos iš mokesčių inspekcijos";"173.62";
"04-NOV-15";"VMI";"37";"Pajamos iš mokesčių inspekcijos";"62.97";
"24-SEP-15";"VMI";"37";"Pajamos iš mokesčių inspekcijos";"430.21";
"18-AUG-15";"VMI";"37";"Pajamos iš mokesčių inspekcijos";"17.44";
"17-AUG-15";"VMI";"37";"Pajamos iš mokesčių inspekcijos";"11.2";
"14-AUG-15";"VMI";"37";"Pajamos iš mokesčių inspekcijos";"102.97";
"13-AUG-15";"VMI";"37";"Pajamos iš mokesčių inspekcijos";"133.03";
"04-AUG-15";"VMI";"37";"Pajamos iš mokesčių inspekcijos";"716.9";
"26-JUN-15";"VMI";"37";"Pajamos iš mokesčių inspekcijos";"733.1";
"16-JUN-15";"VMI";"37";"Pajamos iš mokesčių inspekcijos";"63.2";
"03-JUN-15";"VMI";"37";"Pajamos iš mokesčių inspekcijos";"633.8";
"04-JUN-15";"VMI";"37";"Pajamos iš mokesčių inspekcijos";"61.96";
"28-MAY-15";"VMI";"37";"Pajamos iš mokesčių inspekcijos";"480.03";
"25-MAY-15";"VMI";"37";"Pajamos iš mokesčių inspekcijos";"145.35";
"22-MAY-15";"VMI";"37";"Pajamos iš mokesčių inspekcijos";"329.2";
"15-MAY-15";"VMI";"37";"Pajamos iš mokesčių inspekcijos";"250.68";
"13-APR-15";"VMI";"37";"Pajamos iš mokesčių inspekcijos";"1347.16";
"08-APR-15";"VMI";"37";"Pajamos iš mokesčių inspekcijos";"1444.16";
"31-MAR-15";"VMI";"37";"Pajamos iš mokesčių inspekcijos";"683.64";
"18-MAR-15";"VMI";"37";"Pajamos iš mokesčių inspekcijos";"2526.68";
"03-MAR-15";"VMI";"37";"Pajamos iš mokesčių inspekcijos";"891515.53";
"05-FEB-15";"VMI";"37";"Pajamos iš mokesčių inspekcijos";"10103.75";
"04-FEB-15";"VMI";"37";"Pajamos iš mokesčių inspekcijos";"107.85";
"13-FEB-15";"VMI";"37";"Pajamos iš mokesčių inspekcijos";"42.8";
"21-SEP-15";"VMI";"37";"Pajamos iš mokesčių inspekcijos";"19.93";
"04-SEP-15";"VMI";"37";"Pajamos iš mokesčių inspekcijos";"2.22";
"09-JUN-15";"VMI";"37";"Pajamos iš mokesčių inspekcijos";"231.59";
"08-JUN-15";"VMI";"37";"Pajamos iš mokesčių inspekcijos";"159.05";
"23-APR-15";"VMI";"37";"Pajamos iš mokesčių inspekcijos";"2448.71";
"24-MAR-15";"VMI";"37";"Pajamos iš mokesčių inspekcijos";"3591.08";
"30-JAN-15";"VMI";"37";"Pajamos iš mokesčių inspekcijos";"3.04";
"02-FEB-15";"VMI";"37";"Pajamos iš mokesčių inspekcijos";"74771.57";
"03-NOV-15";"VMI";"37";"Pajamos iš mokesčių inspekcijos";"83853.91";
"23-SEP-15";"VMI";"37";"Pajamos iš mokesčių inspekcijos";"118.17";
"06-MAY-15";"VMI";"37";"Pajamos iš mokesčių inspekcijos";"549.25";
"30-APR-15";"VMI";"37";"Pajamos iš mokesčių inspekcijos";"19436.24";
"20-APR-15";"VMI";"37";"Pajamos iš mokesčių inspekcijos";"1063.72";
"07-APR-15";"VMI";"37";"Pajamos iš mokesčių inspekcijos";"3342.67";
"26-MAR-15";"VMI";"37";"Pajamos iš mokesčių inspekcijos";"6818.31";
"06-MAR-15";"VMI";"37";"Pajamos iš mokesčių inspekcijos";"13761.39";
"23-FEB-15";"VMI";"37";"Pajamos iš mokesčių inspekcijos";"47.66";
"11-FEB-15";"VMI";"37";"Pajamos iš mokesčių inspekcijos";"5.85";
"29-JAN-15";"VMI";"37";"Pajamos iš mokesčių inspekcijos";"30.04";
"18-SEP-15";"VMI";"37";"Pajamos iš mokesčių inspekcijos";"57.54";
"03-SEP-15";"VMI";"37";"Pajamos iš mokesčių inspekcijos";"2.86";
"03-AUG-15";"VMI";"37";"Pajamos iš mokesčių inspekcijos";"94160.9";
"02-JUN-15";"VMI";"37";"Pajamos iš mokesčių inspekcijos";"320.52";
"20-MAY-15";"VMI";"37";"Pajamos iš mokesčių inspekcijos";"206.7";
"11-MAY-15";"VMI";"37";"Pajamos iš mokesčių inspekcijos";"237";
"28-APR-15";"VMI";"37";"Pajamos iš mokesčių inspekcijos";"282.23";
"14-APR-15";"VMI";"37";"Pajamos iš mokesčių inspekcijos";"48.43";
"02-APR-15";"VMI";"37";"Pajamos iš mokesčių inspekcijos";"913.11";
"25-MAR-15";"VMI";"37";"Pajamos iš mokesčių inspekcijos";"5782.24";
"09-JAN-15";"VMI";"37";"Pajamos iš mokesčių inspekcijos";"80.37";
"09-JAN-15";"VMI";"37";"Pajamos iš mokesčių inspekcijos";"18.06";
"09-JAN-15";"VMI";"37";"Pajamos iš mokesčių inspekcijos";"948.21";
"09-JAN-15";"VMI";"37";"Pajamos iš mokesčių inspekcijos";"18.67";
"09-JAN-15";"VMI";"37";"Pajamos iš mokesčių inspekcijos";"89.63";
"09-JAN-15";"VMI";"37";"Pajamos iš mokesčių inspekcijos";"35.78";
"20-MAR-15";"VMI";"37";"Pajamos iš mokesčių inspekcijos";"1465.56";
"24-FEB-15";"VMI";"37";"Pajamos iš mokesčių inspekcijos";"2.21";
"02-MAR-15";"VMI";"37";"Pajamos iš mokesčių inspekcijos";"2263.24";
"26-FEB-15";"VMI";"37";"Pajamos iš mokesčių inspekcijos";"47.74";
"27-JAN-15";"VMI";"37";"Pajamos iš mokesčių inspekcijos";"320.18";
"26-JAN-15";"VMI";"37";"Pajamos iš mokesčių inspekcijos";"8.79";
"28-OCT-15";"VMI";"37";"Pajamos iš mokesčių inspekcijos";"8.12";
"22-OCT-15";"VMI";"37";"Pajamos iš mokesčių inspekcijos";"85.76";
"14-SEP-15";"VMI";"37";"Pajamos iš mokesčių inspekcijos";"417.91";
"25-JUN-15";"VMI";"37";"Pajamos iš mokesčių inspekcijos";"2399.51";
"08-MAY-15";"VMI";"37";"Pajamos iš mokesčių inspekcijos";"116.8";
"16-APR-15";"VMI";"37";"Pajamos iš mokesčių inspekcijos";"141.37";
"21-APR-15";"VMI";"37";"Pajamos iš mokesčių inspekcijos";"107.65";
"09-APR-15";"VMI";"37";"Pajamos iš mokesčių inspekcijos";"240.17";
"17-MAR-15";"VMI";"37";"Pajamos iš mokesčių inspekcijos";"1972.56";
"20-FEB-15";"VMI";"37";"Pajamos iš mokesčių inspekcijos";"1272.3";
"18-FEB-15";"VMI";"37";"Pajamos iš mokesčių inspekcijos";"62.57";
"01-SEP-15";"VMI";"37";"Pajamos iš mokesčių inspekcijos";"12.73";
"02-SEP-15";"VMI";"37";"Pajamos iš mokesčių inspekcijos";"771.25";
"10-JUN-15";"VMI";"37";"Pajamos iš mokesčių inspekcijos";"222.23";
"15-JUN-15";"VMI";"37";"Pajamos iš mokesčių inspekcijos";"108.04";
"19-MAY-15";"VMI";"37";"Pajamos iš mokesčių inspekcijos";"464.02";
"05-MAY-15";"VMI";"37";"Pajamos iš mokesčių inspekcijos";"69.28";
"23-MAR-15";"VMI";"37";"Pajamos iš mokesčių inspekcijos";"3091.21";
"13-MAR-15";"VMI";"37";"Pajamos iš mokesčių inspekcijos";"3478.77";
"10-MAR-15";"VMI";"37";"Pajamos iš mokesčių inspekcijos";"4020.23";
"04-MAR-15";"VMI";"37";"Pajamos iš mokesčių inspekcijos";"115515.98";
"27-FEB-15";"VMI";"37";"Pajamos iš mokesčių inspekcijos";"14.1";
"12-FEB-15";"VMI";"37";"Pajamos iš mokesčių inspekcijos";"18.76";
"09-FEB-15";"VMI";"37";"Pajamos iš mokesčių inspekcijos";"30.27";
"23-JAN-15";"VMI";"37";"Pajamos iš mokesčių inspekcijos";"20.2";
"22-JAN-15";"VMI";"37";"Pajamos iš mokesčių inspekcijos";"6.01";
"21-JAN-15";"VMI";"37";"Pajamos iš mokesčių inspekcijos";"10.48";
"20-JAN-15";"VMI";"37";"Pajamos iš mokesčių inspekcijos";"237.36";
"19-JAN-15";"VMI";"37";"Pajamos iš mokesčių inspekcijos";"4.31";
"15-JAN-15";"VMI";"37";"Pajamos iš mokesčių inspekcijos";"1.83";
"14-JAN-15";"VMI";"37";"Pajamos iš mokesčių inspekcijos";"65.37";
"14-JAN-15";"VMI";"37";"Pajamos iš mokesčių inspekcijos";"69.49";
"12-JAN-15";"VMI";"37";"Pajamos iš mokesčių inspekcijos";".08";
"10-APR-15";"KITOS";"SOCMIN";"Kitos pajamos";"602233";
"15-JAN-15";"KITOS";"SOCMIN";"Kitos pajamos";"301117";
"10-FEB-15";"KITOS";"SOCMIN";"Kitos pajamos";"301116";
"19-OCT-15";"KITOS";"";"Kitos pajamos";"9453.18";
"17-JUN-15";"KITOS";"";"Kitos pajamos";"434.43";
"30-OCT-15";"KITOS";"";"Kitos pajamos";"24400";
"30-JUN-15";"KITOS";"";"Kitos pajamos";"200";
"22-MAY-15";"KITOS";"";"Kitos pajamos";"2318.86";
"30-NOV-15";"KITOS";"";"Kitos pajamos";"2300";
"27-APR-15";"KITOS";"";"Kitos pajamos";"183.3";
"11-SEP-15";"KITOS";"";"Kitos pajamos";"1170.43";
"29-JUN-15";"KITOS";"";"Kitos pajamos";"137";
"29-JUN-15";"KITOS";"";"Kitos pajamos";"10200";
"29-JUN-15";"KITOS";"";"Kitos pajamos";"56000";
"29-JUN-15";"KITOS";"";"Kitos pajamos";"1207.92";
"12-NOV-15";"KITOS";"";"Kitos pajamos";"6106.02";
"12-NOV-15";"KITOS";"";"Kitos pajamos";"35606.87";
"29-OCT-15";"KITOS";"";"Kitos pajamos";"1415";
"06-OCT-15";"KITOS";"";"Kitos pajamos";"30700";
"06-OCT-15";"KITOS";"";"Kitos pajamos";"2637.63";
"29-JUL-15";"KITOS";"";"Kitos pajamos";"434.43";
"07-DEC-15";"KITOS";"";"Kitos pajamos";"24400";
"07-DEC-15";"KITOS";"";"Kitos pajamos";"2500";
"07-DEC-15";"KITOS";"";"Kitos pajamos";"1305.33";
"07-JUL-15";"KITOS";"";"Kitos pajamos";"3951.93";
"29-APR-15";"KITOS";"";"Kitos pajamos";"26559.63";
"27-APR-15";"KITOS";"";"Kitos pajamos";"900";
"05-MAR-15";"KITOS";"";"Kitos pajamos";"3801.24";
"05-MAR-15";"KITOS";"";"Kitos pajamos";"850";
"10-DEC-15";"KITOS";"";"Kitos pajamos";"1437";
"28-AUG-15";"KITOS";"";"Kitos pajamos";"201";
"28-AUG-15";"KITOS";"";"Kitos pajamos";"29620";
"24-AUG-15";"KITOS";"";"Kitos pajamos";"3223.43";
"16-JUL-15";"KITOS";"";"Kitos pajamos";"4830";
"14-MAY-15";"KITOS";"";"Kitos pajamos";"1172";
"03-APR-15";"KITOS";"";"Kitos pajamos";"3000";
"30-MAR-15";"KITOS";"";"Kitos pajamos";"2871";
"06-FEB-15";"KITOS";"";"Kitos pajamos";"650";
"04-JUN-15";"KITOS";"";"Kitos pajamos";"1144.07";
"04-JUN-15";"KITOS";"";"Kitos pajamos";"2870.03";
"24-APR-15";"KITOS";"";"Kitos pajamos";"2350";
"03-MAR-15";"KITOS";"";"Kitos pajamos";"1900";
"02-MAR-15";"KITOS";"";"Kitos pajamos";"2600";
"01-APR-15";"KITOS";"";"Kitos pajamos";"1185";
"01-APR-15";"KITOS";"";"Kitos pajamos";"1922.58";
"19-MAR-15";"KITOS";"";"Kitos pajamos";"292";
"19-MAR-15";"KITOS";"";"Kitos pajamos";"2828.24";
"16-MAR-15";"KITOS";"";"Kitos pajamos";"1500";
"27-FEB-15";"KITOS";"";"Kitos pajamos";"2380";
"25-FEB-15";"KITOS";"";"Kitos pajamos";"7580";
"04-AUG-15";"KITOS";"";"Kitos pajamos";"240";
"28-MAY-15";"KITOS";"";"Kitos pajamos";"1310";
"09-APR-15";"KITOS";"";"Kitos pajamos";"1750";
"31-MAR-15";"KITOS";"";"Kitos pajamos";"1950";
"27-MAR-15";"KITOS";"";"Kitos pajamos";"1850";
"27-MAR-15";"KITOS";"";"Kitos pajamos";"3770";
"24-FEB-15";"KITOS";"";"Kitos pajamos";"500";
"05-FEB-15";"KITOS";"";"Kitos pajamos";"1750";
"05-FEB-15";"KITOS";"";"Kitos pajamos";"512.92";
"13-FEB-15";"KITOS";"";"Kitos pajamos";"3644";
"30-JAN-15";"KITOS";"";"Kitos pajamos";"429";
"03-FEB-15";"KITOS";"";"Kitos pajamos";"2523";
"06-MAY-15";"KITOS";"";"Kitos pajamos";"400";
"20-APR-15";"KITOS";"";"Kitos pajamos";"2405";
"16-APR-15";"KITOS";"";"Kitos pajamos";"7658.29";
"07-APR-15";"KITOS";"";"Kitos pajamos";"928.93";
"26-MAR-15";"KITOS";"";"Kitos pajamos";"902";
"06-MAR-15";"KITOS";"";"Kitos pajamos";"31989";
"17-NOV-15";"KITOS";"";"Kitos pajamos";"5750";
"02-MAR-15";"KITOS";"";"Kitos pajamos";"2130";
"26-JAN-15";"KITOS";"";"Kitos pajamos";"1669";
"26-NOV-15";"KITOS";"";"Kitos pajamos";"3640";
"08-MAY-15";"KITOS";"";"Kitos pajamos";"171.07";
"30-APR-15";"KITOS";"";"Kitos pajamos";"1328";
"22-APR-15";"KITOS";"";"Kitos pajamos";"200";
"18-FEB-15";"KITOS";"";"Kitos pajamos";"700";
"05-MAY-15";"KITOS";"";"Kitos pajamos";"1310.78";
"17-APR-15";"KITOS";"";"Kitos pajamos";"15700";
"21-JAN-15";"KITOS";"";"Kitos pajamos";"56000";
"12-JAN-15";"KITOS";"";"Kitos pajamos";"1395.3";
"12-JAN-15";"KITOS";"";"Kitos pajamos";"8041";
"12-JUN-15";"KITOS";"";"Kitos pajamos";"370150";
"05-JUN-15";"KITOS";"";"Kitos pajamos";"300000";
"03-FEB-15";"KITOS";"";"Kitos pajamos";"130329.01";
"11-JUN-15";"KITOS";"01";"Kitos pajamos";"14648.33";
"13-AUG-15";"KITOS";"01";"Kitos pajamos";"18000";
"03-AUG-15";"KITOS";"01";"Kitos pajamos";"23677.13";
"22-JUL-15";"KITOS";"01";"Kitos pajamos";"17935.04";
"08-JUL-15";"KITOS";"2M22";"Kitos pajamos";"161981";
"10-APR-15";"KITOS";"2M22";"Kitos pajamos";"161981";
"09-OCT-15";"KITOS";"2M22";"Kitos pajamos";"161984";
"27-FEB-15";"KITOS";"2M22";"Kitos pajamos";"115692.48";
"08-JAN-15";"KITOS";"2M22";"Kitos pajamos";"46288.52";
"08-JUL-15";"KITOS";"2M21";"Kitos pajamos";"210701";
"10-APR-15";"KITOS";"2M21";"Kitos pajamos";"210701";
"09-OCT-15";"KITOS";"2M21";"Kitos pajamos";"210701";
"27-FEB-15";"KITOS";"2M21";"Kitos pajamos";"142582.37";
"08-JAN-15";"KITOS";"2M21";"Kitos pajamos";"68118.63";
"02-NOV-15";"KITOS";"98";"Kitos pajamos";"7431.48";
"27-OCT-15";"KITOS";"98";"Kitos pajamos";"18011.1";
"19-OCT-15";"KITOS";"98";"Kitos pajamos";"121752.12";
"02-DEC-15";"KITOS";"98";"Kitos pajamos";"5669.33";
"23-JUN-15";"KITOS";"98";"Kitos pajamos";"162.9";
"23-JUN-15";"KITOS";"98";"Kitos pajamos";"5000";
"17-JUN-15";"KITOS";"98";"Kitos pajamos";"492690";
"17-JUN-15";"KITOS";"98";"Kitos pajamos";"11000";
"19-AUG-15";"KITOS";"98";"Kitos pajamos";"1825.18";
"30-OCT-15";"KITOS";"98";"Kitos pajamos";"12231.71";
"30-OCT-15";"KITOS";"98";"Kitos pajamos";"1173860";
"30-OCT-15";"KITOS";"98";"Kitos pajamos";"20014.77";
"30-JUN-15";"KITOS";"98";"Kitos pajamos";"5032.96";
"30-JUN-15";"KITOS";"98";"Kitos pajamos";"27207.8";
"30-NOV-15";"KITOS";"98";"Kitos pajamos";"4090";
"30-NOV-15";"KITOS";"98";"Kitos pajamos";"10157.1";
"27-APR-15";"KITOS";"98";"Kitos pajamos";"13346.7";
"28-SEP-15";"KITOS";"98";"Kitos pajamos";"628900";
"11-SEP-15";"KITOS";"98";"Kitos pajamos";"154000";
"11-SEP-15";"KITOS";"98";"Kitos pajamos";"55425.15";
"29-JUN-15";"KITOS";"98";"Kitos pajamos";"188350";
"29-JUN-15";"KITOS";"98";"Kitos pajamos";"297146.89";
"29-JUN-15";"KITOS";"98";"Kitos pajamos";"5188";
"29-JUN-15";"KITOS";"98";"Kitos pajamos";"23105.96";
"29-JUN-15";"KITOS";"98";"Kitos pajamos";"2139.78";
"29-MAY-15";"KITOS";"98";"Kitos pajamos";"49.3";
"12-NOV-15";"KITOS";"98";"Kitos pajamos";"303542.91";
"29-OCT-15";"KITOS";"98";"Kitos pajamos";"850";
"29-OCT-15";"KITOS";"98";"Kitos pajamos";"5600";
"06-OCT-15";"KITOS";"98";"Kitos pajamos";"86317.86";
"06-OCT-15";"KITOS";"98";"Kitos pajamos";"11211.89";
"06-OCT-15";"KITOS";"98";"Kitos pajamos";"226.98";
"05-AUG-15";"KITOS";"98";"Kitos pajamos";"18968.81";
"29-JUL-15";"KITOS";"98";"Kitos pajamos";"611360";
"29-JUL-15";"KITOS";"98";"Kitos pajamos";"24442.7";
"11-JUN-15";"KITOS";"98";"Kitos pajamos";"15075.89";
"07-DEC-15";"KITOS";"98";"Kitos pajamos";"833211.8";
"07-DEC-15";"KITOS";"98";"Kitos pajamos";"2000";
"07-DEC-15";"KITOS";"98";"Kitos pajamos";"41185.3";
"07-DEC-15";"KITOS";"98";"Kitos pajamos";"20069.22";
"18-NOV-15";"KITOS";"98";"Kitos pajamos";"12672.65";
"07-JUL-15";"KITOS";"98";"Kitos pajamos";"9500";
"07-JUL-15";"KITOS";"98";"Kitos pajamos";"59259.07";
"29-APR-15";"KITOS";"98";"Kitos pajamos";"31200.73";
"29-APR-15";"KITOS";"98";"Kitos pajamos";"535864.66";
"27-APR-15";"KITOS";"98";"Kitos pajamos";"400";
"05-MAR-15";"KITOS";"98";"Kitos pajamos";"19053.04";
"05-MAR-15";"KITOS";"98";"Kitos pajamos";"564.7";
"05-MAR-15";"KITOS";"98";"Kitos pajamos";"15524.39";
"10-DEC-15";"KITOS";"98";"Kitos pajamos";"413.6";
"10-DEC-15";"KITOS";"98";"Kitos pajamos";"76314.53";
"05-NOV-15";"KITOS";"98";"Kitos pajamos";"18044.18";
"25-SEP-15";"KITOS";"98";"Kitos pajamos";"6371.35";
"28-AUG-15";"KITOS";"98";"Kitos pajamos";"510700";
"28-AUG-15";"KITOS";"98";"Kitos pajamos";"6545.65";
"27-AUG-15";"KITOS";"98";"Kitos pajamos";"39934.46";
"24-AUG-15";"KITOS";"98";"Kitos pajamos";"44978";
"24-AUG-15";"KITOS";"98";"Kitos pajamos";"4465.77";
"16-JUL-15";"KITOS";"98";"Kitos pajamos";"850";
"16-JUL-15";"KITOS";"98";"Kitos pajamos";"67721.99";
"22-JUN-15";"KITOS";"98";"Kitos pajamos";"2453.4";
"14-MAY-15";"KITOS";"98";"Kitos pajamos";"11900";
"03-APR-15";"KITOS";"98";"Kitos pajamos";"21381.75";
"30-MAR-15";"KITOS";"98";"Kitos pajamos";"31091.06";
"06-FEB-15";"KITOS";"98";"Kitos pajamos";"9200";
"20-JUL-15";"KITOS";"98";"Kitos pajamos";"21171.75";
"22-JUL-15";"KITOS";"98";"Kitos pajamos";"12870";
"24-JUL-15";"KITOS";"98";"Kitos pajamos";"3572.77";
"03-JUL-15";"KITOS";"98";"Kitos pajamos";"6340.6";
"04-JUN-15";"KITOS";"98";"Kitos pajamos";"28780.73";
"04-JUN-15";"KITOS";"98";"Kitos pajamos";"17808.4";
"12-MAY-15";"KITOS";"98";"Kitos pajamos";"139470";
"04-MAY-15";"KITOS";"98";"Kitos pajamos";"36475";
"24-APR-15";"KITOS";"98";"Kitos pajamos";"5970";
"03-MAR-15";"KITOS";"98";"Kitos pajamos";"2979.98";
"02-MAR-15";"KITOS";"98";"Kitos pajamos";"11100";
"01-APR-15";"KITOS";"98";"Kitos pajamos";"16067.49";
"19-MAR-15";"KITOS";"98";"Kitos pajamos";"10024.85";
"19-MAR-15";"KITOS";"98";"Kitos pajamos";"812.38";
"19-MAR-15";"KITOS";"98";"Kitos pajamos";"358109";
"19-MAR-15";"KITOS";"98";"Kitos pajamos";"4613.25";
"27-FEB-15";"KITOS";"98";"Kitos pajamos";"3887.13";
"26-FEB-15";"KITOS";"98";"Kitos pajamos";"18434.29";
"26-FEB-15";"KITOS";"98";"Kitos pajamos";"41601.27";
"25-FEB-15";"KITOS";"98";"Kitos pajamos";"9940.67";
"25-FEB-15";"KITOS";"98";"Kitos pajamos";"37916.48";
"20-NOV-15";"KITOS";"98";"Kitos pajamos";"14005.98";
"24-SEP-15";"KITOS";"98";"Kitos pajamos";"2264.77";
"10-SEP-15";"KITOS";"98";"Kitos pajamos";"6370.01";
"04-AUG-15";"KITOS";"98";"Kitos pajamos";"36469.34";
"03-JUN-15";"KITOS";"98";"Kitos pajamos";"45737.74";
"28-MAY-15";"KITOS";"98";"Kitos pajamos";"86197.74";
"28-MAY-15";"KITOS";"98";"Kitos pajamos";"833150";
"25-MAY-15";"KITOS";"98";"Kitos pajamos";"20672.82";
"31-MAR-15";"KITOS";"98";"Kitos pajamos";"496445.86";
"27-MAR-15";"KITOS";"98";"Kitos pajamos";"32997.25";
"27-MAR-15";"KITOS";"98";"Kitos pajamos";"469441";
"24-FEB-15";"KITOS";"98";"Kitos pajamos";"118059";
"24-FEB-15";"KITOS";"98";"Kitos pajamos";"850";
"24-FEB-15";"KITOS";"98";"Kitos pajamos";"18400";
"05-FEB-15";"KITOS";"98";"Kitos pajamos";"34306.54";
"05-FEB-15";"KITOS";"98";"Kitos pajamos";"25095.29";
"30-SEP-15";"KITOS";"98";"Kitos pajamos";"7388.94";
"28-APR-15";"KITOS";"98";"Kitos pajamos";"5116";
"28-APR-15";"KITOS";"98";"Kitos pajamos";"38552.66";
"30-JAN-15";"KITOS";"98";"Kitos pajamos";"11719.53";
"30-JAN-15";"KITOS";"98";"Kitos pajamos";"75467.51";
"03-FEB-15";"KITOS";"98";"Kitos pajamos";"5515.78";
"06-MAY-15";"KITOS";"98";"Kitos pajamos";"1711.87";
"07-APR-15";"KITOS";"98";"Kitos pajamos";"38621.26";
"26-MAR-15";"KITOS";"98";"Kitos pajamos";"4590";
"06-MAR-15";"KITOS";"98";"Kitos pajamos";".58";
"06-MAR-15";"KITOS";"98";"Kitos pajamos";"626353";
"11-FEB-15";"KITOS";"98";"Kitos pajamos";"12420.3";
"17-NOV-15";"KITOS";"98";"Kitos pajamos";"611997.65";
"17-NOV-15";"KITOS";"98";"Kitos pajamos";"3400";
"03-SEP-15";"KITOS";"98";"Kitos pajamos";"9718.77";
"14-APR-15";"KITOS";"98";"Kitos pajamos";"6700";
"26-NOV-15";"KITOS";"98";"Kitos pajamos";"4620";
"14-SEP-15";"KITOS";"98";"Kitos pajamos";"16542.7";
"01-JUL-15";"KITOS";"98";"Kitos pajamos";"9302.22";
"08-MAY-15";"KITOS";"98";"Kitos pajamos";"6100";
"30-APR-15";"KITOS";"98";"Kitos pajamos";"23827";
"22-APR-15";"KITOS";"98";"Kitos pajamos";"12661.31";
"27-FEB-15";"KITOS";"98";"Kitos pajamos";"16569.71";
"18-FEB-15";"KITOS";"98";"Kitos pajamos";"16860.18";
"18-FEB-15";"KITOS";"98";"Kitos pajamos";"276800";
"18-FEB-15";"KITOS";"98";"Kitos pajamos";"812.38";
"18-FEB-15";"KITOS";"98";"Kitos pajamos";"911";
"12-OCT-15";"KITOS";"98";"Kitos pajamos";"45321.51";
"10-JUL-15";"KITOS";"98";"Kitos pajamos";"14000";
"15-JUN-15";"KITOS";"98";"Kitos pajamos";"4100";
"19-MAY-15";"KITOS";"98";"Kitos pajamos";"15616.78";
"05-MAY-15";"KITOS";"98";"Kitos pajamos";"10148.6";
"05-MAY-15";"KITOS";"98";"Kitos pajamos";"21400.35";
"05-MAY-15";"KITOS";"98";"Kitos pajamos";"10000";
"17-APR-15";"KITOS";"98";"Kitos pajamos";"10912";
"17-APR-15";"KITOS";"98";"Kitos pajamos";"835090";
"23-MAR-15";"KITOS";"98";"Kitos pajamos";"9327.02";
"13-MAR-15";"KITOS";"98";"Kitos pajamos";"4465.2";
"23-JAN-15";"KITOS";"98";"Kitos pajamos";"11741";
"21-JAN-15";"KITOS";"98";"Kitos pajamos";"615653.3";
"19-JAN-15";"KITOS";"98";"Kitos pajamos";"35116.62";
"14-JAN-15";"KITOS";"98";"Kitos pajamos";"15211.26";
"08-JAN-15";"KITOS";"98";"Kitos pajamos";"4554";
"12-JAN-15";"KITOS";"98";"Kitos pajamos";"66927.57";
"12-JAN-15";"KITOS";"98";"Kitos pajamos";"137048.19";
"09-NOV-15";"KITOS";"95";"Kitos pajamos";"210000";
"09-NOV-15";"KITOS";"95";"Kitos pajamos";"80000";
"06-OCT-15";"KITOS";"95";"Kitos pajamos";"216.1";
"10-AUG-15";"KITOS";"95";"Kitos pajamos";"18000";
"16-NOV-15";"KITOS";"95";"Kitos pajamos";"300000";
"30-OCT-15";"KITOS";"95";"Kitos pajamos";"38462.61";
"30-OCT-15";"KITOS";"95";"Kitos pajamos";"28485.89";
"30-OCT-15";"KITOS";"95";"Kitos pajamos";"23035.67";
"07-AUG-15";"KITOS";"95";"Kitos pajamos";"4207.4";
"07-AUG-15";"KITOS";"95";"Kitos pajamos";"4018.95";
"30-JUN-15";"KITOS";"95";"Kitos pajamos";"634.67";
"01-JUN-15";"KITOS";"95";"Kitos pajamos";"9000";
"01-JUN-15";"KITOS";"95";"Kitos pajamos";"1000";
"30-NOV-15";"KITOS";"95";"Kitos pajamos";"37266.33";
"30-NOV-15";"KITOS";"95";"Kitos pajamos";"32242.61";
"30-NOV-15";"KITOS";"95";"Kitos pajamos";"634.67";
"13-NOV-15";"KITOS";"95";"Kitos pajamos";"760000";
"13-NOV-15";"KITOS";"95";"Kitos pajamos";"120000";
"29-OCT-15";"KITOS";"95";"Kitos pajamos";"303337";
"29-OCT-15";"KITOS";"95";"Kitos pajamos";"105709.74";
"29-OCT-15";"KITOS";"95";"Kitos pajamos";"634.67";
"30-JUL-15";"KITOS";"95";"Kitos pajamos";"7721.79";
"30-JUL-15";"KITOS";"95";"Kitos pajamos";"11625.99";
"30-JUL-15";"KITOS";"95";"Kitos pajamos";"634.67";
"11-JUN-15";"KITOS";"95";"Kitos pajamos";"2189.19";
"11-JUN-15";"KITOS";"95";"Kitos pajamos";"4947.85";
"28-AUG-15";"KITOS";"95";"Kitos pajamos";"17905.65";
"28-AUG-15";"KITOS";"95";"Kitos pajamos";"10828.18";
"28-AUG-15";"KITOS";"95";"Kitos pajamos";"634.67";
"07-DEC-15";"KITOS";"95";"Kitos pajamos";"25000";
"07-DEC-15";"KITOS";"95";"Kitos pajamos";"5000";
"11-NOV-15";"KITOS";"95";"Kitos pajamos";"170000";
"11-NOV-15";"KITOS";"95";"Kitos pajamos";"130000";
"16-JUN-15";"KITOS";"95";"Kitos pajamos";"41800";
"28-MAY-15";"KITOS";"95";"Kitos pajamos";"13184.12";
"28-MAY-15";"KITOS";"95";"Kitos pajamos";"10186.57";
"28-MAY-15";"KITOS";"95";"Kitos pajamos";"634.67";
"20-NOV-15";"KITOS";"95";"Kitos pajamos";"70000";
"20-NOV-15";"KITOS";"95";"Kitos pajamos";"80000";
"24-MAR-15";"KITOS";"95";"Kitos pajamos";"22000";
"24-MAR-15";"KITOS";"95";"Kitos pajamos";"29100";
"30-SEP-15";"KITOS";"95";"Kitos pajamos";"20000";
"30-SEP-15";"KITOS";"95";"Kitos pajamos";"41608.29";
"30-SEP-15";"KITOS";"95";"Kitos pajamos";"634.67";
"30-SEP-15";"KITOS";"95";"Kitos pajamos";"74213.02";
"29-JAN-15";"KITOS";"95";"Kitos pajamos";"13450";
"29-JAN-15";"KITOS";"95";"Kitos pajamos";"15512";
"17-NOV-15";"KITOS";"95";"Kitos pajamos";"280000";
"17-NOV-15";"KITOS";"95";"Kitos pajamos";"120000";
"28-APR-15";"KITOS";"95";"Kitos pajamos";"24000";
"28-APR-15";"KITOS";"95";"Kitos pajamos";"8900";
"26-FEB-15";"KITOS";"95";"Kitos pajamos";"23443";
"25-JUN-15";"KITOS";"95";"Kitos pajamos";"6000";
"15-JUN-15";"KITOS";"95";"Kitos pajamos";"18000";
"19-OCT-15";"KITOS";"97";"Kitos pajamos";"5600";
"23-JUN-15";"KITOS";"97";"Kitos pajamos";"4500";
"19-AUG-15";"KITOS";"97";"Kitos pajamos";"495.32";
"30-OCT-15";"KITOS";"97";"Kitos pajamos";"369";
"30-OCT-15";"KITOS";"97";"Kitos pajamos";"13180.09";
"14-OCT-15";"KITOS";"97";"Kitos pajamos";"663.35";
"28-SEP-15";"KITOS";"97";"Kitos pajamos";"5900";
"11-SEP-15";"KITOS";"97";"Kitos pajamos";"6600";
"29-JUN-15";"KITOS";"97";"Kitos pajamos";"964.5";
"29-JUN-15";"KITOS";"97";"Kitos pajamos";"2038.61";
"12-NOV-15";"KITOS";"97";"Kitos pajamos";"8665";
"12-NOV-15";"KITOS";"97";"Kitos pajamos";"3495.78";
"12-NOV-15";"KITOS";"97";"Kitos pajamos";"23428.51";
"29-OCT-15";"KITOS";"97";"Kitos pajamos";"1278.82";
"06-OCT-15";"KITOS";"97";"Kitos pajamos";"1184.25";
"07-DEC-15";"KITOS";"97";"Kitos pajamos";"14878.96";
"07-DEC-15";"KITOS";"97";"Kitos pajamos";"706.98";
"07-JUL-15";"KITOS";"97";"Kitos pajamos";"10000";
"05-MAR-15";"KITOS";"97";"Kitos pajamos";"1889.48";
"10-DEC-15";"KITOS";"97";"Kitos pajamos";"788.54";
"20-OCT-15";"KITOS";"97";"Kitos pajamos";"5713.75";
"28-AUG-15";"KITOS";"97";"Kitos pajamos";"14400";
"24-AUG-15";"KITOS";"97";"Kitos pajamos";"1521.21";
"16-JUL-15";"KITOS";"97";"Kitos pajamos";"1336.88";
"30-MAR-15";"KITOS";"97";"Kitos pajamos";"5700";
"04-JUN-15";"KITOS";"97";"Kitos pajamos";"5500";
"04-JUN-15";"KITOS";"97";"Kitos pajamos";"918.3";
"04-JUN-15";"KITOS";"97";"Kitos pajamos";"2900";
"01-APR-15";"KITOS";"97";"Kitos pajamos";"4725.13";
"01-APR-15";"KITOS";"97";"Kitos pajamos";"155.95";
"19-MAR-15";"KITOS";"97";"Kitos pajamos";"10000";
"26-FEB-15";"KITOS";"97";"Kitos pajamos";"4400";
"15-SEP-15";"KITOS";"97";"Kitos pajamos";"205.9";
"22-MAY-15";"KITOS";"97";"Kitos pajamos";"1400";
"05-FEB-15";"KITOS";"97";"Kitos pajamos";"1458.24";
"06-MAR-15";"KITOS";"97";"Kitos pajamos";"9553.94";
"20-MAY-15";"KITOS";"97";"Kitos pajamos";"6409.58";
"02-MAR-15";"KITOS";"97";"Kitos pajamos";"1200";
"12-OCT-15";"KITOS";"97";"Kitos pajamos";"649.6";
"29-JUL-15";"KITOS";"97";"Kitos pajamos";"577.1";
"29-JUL-15";"KITOS";"97";"Kitos pajamos";"1800";
"10-JUN-15";"KITOS";"97";"Kitos pajamos";"406";
"05-MAY-15";"KITOS";"97";"Kitos pajamos";"434.26";
"17-APR-15";"KITOS";"97";"Kitos pajamos";"1047.65";
"17-APR-15";"KITOS";"97";"Kitos pajamos";"7500";
"21-JAN-15";"KITOS";"97";"Kitos pajamos";"6010.69";
"12-JAN-15";"KITOS";"97";"Kitos pajamos";"4930.6";
"27-OCT-15";"KITOS";"93";"Kitos pajamos";"141000";
"27-OCT-15";"KITOS";"93";"Kitos pajamos";"141000";
"27-OCT-15";"KITOS";"93";"Kitos pajamos";"7000";
"01-DEC-15";"KITOS";"93";"Kitos pajamos";"19500";
"01-DEC-15";"KITOS";"93";"Kitos pajamos";"42143.4";
"01-DEC-15";"KITOS";"93";"Kitos pajamos";"73000";
"07-AUG-15";"KITOS";"93";"Kitos pajamos";"6792.03";
"07-AUG-15";"KITOS";"93";"Kitos pajamos";"5100.66";
"07-AUG-15";"KITOS";"93";"Kitos pajamos";"25204.49";
"30-JUL-15";"KITOS";"93";"Kitos pajamos";"23500";
"30-JUL-15";"KITOS";"93";"Kitos pajamos";"70000";
"30-JUL-15";"KITOS";"93";"Kitos pajamos";"131000";
"25-AUG-15";"KITOS";"93";"Kitos pajamos";"22700";
"21-AUG-15";"KITOS";"93";"Kitos pajamos";"2400";
"21-AUG-15";"KITOS";"93";"Kitos pajamos";"22000";
"28-MAY-15";"KITOS";"93";"Kitos pajamos";"47500";
"28-MAY-15";"KITOS";"93";"Kitos pajamos";"10000";
"28-MAY-15";"KITOS";"93";"Kitos pajamos";"57000";
"24-MAR-15";"KITOS";"93";"Kitos pajamos";"161922";
"24-MAR-15";"KITOS";"93";"Kitos pajamos";"37229";
"24-MAR-15";"KITOS";"93";"Kitos pajamos";"119476";
"30-SEP-15";"KITOS";"93";"Kitos pajamos";"56811.94";
"30-SEP-15";"KITOS";"93";"Kitos pajamos";"18074.01";
"30-SEP-15";"KITOS";"93";"Kitos pajamos";"160979.63";
"28-APR-15";"KITOS";"93";"Kitos pajamos";"150000";
"28-APR-15";"KITOS";"93";"Kitos pajamos";"18000";
"28-APR-15";"KITOS";"93";"Kitos pajamos";"53000";
"25-JUN-15";"KITOS";"93";"Kitos pajamos";"43622.78";
"25-JUN-15";"KITOS";"93";"Kitos pajamos";"41361.9";
"25-JUN-15";"KITOS";"93";"Kitos pajamos";"10454.51";
"09-NOV-15";"KITOS";"94";"Kitos pajamos";"116.02";
"25-NOV-15";"KITOS";"94";"Kitos pajamos";"246.55";
"10-AUG-15";"KITOS";"94";"Kitos pajamos";"117";
"24-AUG-15";"KITOS";"94";"Kitos pajamos";"247.91";
"21-AUG-15";"KITOS";"94";"Kitos pajamos";"15350";
"23-JUN-15";"KITOS";"94";"Kitos pajamos";"16218.72";
"17-JUN-15";"KITOS";"94";"Kitos pajamos";"150";
"26-OCT-15";"KITOS";"94";"Kitos pajamos";"15921.87";
"07-OCT-15";"KITOS";"94";"Kitos pajamos";"159.29";
"30-JUN-15";"KITOS";"94";"Kitos pajamos";"496.8";
"30-JUN-15";"KITOS";"94";"Kitos pajamos";"291.32";
"14-AUG-15";"KITOS";"94";"Kitos pajamos";"122";
"17-AUG-15";"KITOS";"94";"Kitos pajamos";"62.78";
"17-AUG-15";"KITOS";"94";"Kitos pajamos";"20794.72";
"12-JUN-15";"KITOS";"94";"Kitos pajamos";"2397.8";
"23-OCT-15";"KITOS";"94";"Kitos pajamos";"247";
"06-OCT-15";"KITOS";"94";"Kitos pajamos";"141.19";
"08-JUL-15";"KITOS";"94";"Kitos pajamos";"265.49";
"05-OCT-15";"KITOS";"94";"Kitos pajamos";"435";
"05-OCT-15";"KITOS";"94";"Kitos pajamos";"662.25";
"06-AUG-15";"KITOS";"94";"Kitos pajamos";"1577.49";
"11-JUN-15";"KITOS";"94";"Kitos pajamos";"75.47";
"29-JUL-15";"KITOS";"94";"Kitos pajamos";"247.75";
"07-JUL-15";"KITOS";"94";"Kitos pajamos";"188.77";
"07-JUL-15";"KITOS";"94";"Kitos pajamos";"141.19";
"29-APR-15";"KITOS";"94";"Kitos pajamos";"11197";
"03-APR-15";"KITOS";"94";"Kitos pajamos";"435";
"10-DEC-15";"KITOS";"94";"Kitos pajamos";"116.14";
"03-OCT-15";"KITOS";"94";"Kitos pajamos";"290.38";
"16-JUL-15";"KITOS";"94";"Kitos pajamos";"144.81";
"13-JUL-15";"KITOS";"94";"Kitos pajamos";"117.21";
"18-MAY-15";"KITOS";"94";"Kitos pajamos";"150";
"18-MAY-15";"KITOS";"94";"Kitos pajamos";"4309.02";
"14-MAY-15";"KITOS";"94";"Kitos pajamos";"4220.8";
"15-MAY-15";"KITOS";"94";"Kitos pajamos";"145";
"06-FEB-15";"KITOS";"94";"Kitos pajamos";"170";
"06-FEB-15";"KITOS";"94";"Kitos pajamos";"117.1";
"01-OCT-15";"KITOS";"94";"Kitos pajamos";"434.28";
"03-JUL-15";"KITOS";"94";"Kitos pajamos";"415.6";
"03-JUL-15";"KITOS";"94";"Kitos pajamos";"435";
"07-MAY-15";"KITOS";"94";"Kitos pajamos";"580";
"17-APR-15";"KITOS";"94";"Kitos pajamos";"200";
"13-APR-15";"KITOS";"94";"Kitos pajamos";"380.62";
"08-APR-15";"KITOS";"94";"Kitos pajamos";"117.47";
"01-APR-15";"KITOS";"94";"Kitos pajamos";"159.29";
"19-MAR-15";"KITOS";"94";"Kitos pajamos";"2426.31";
"11-FEB-15";"KITOS";"94";"Kitos pajamos";"245.07";
"19-FEB-15";"KITOS";"94";"Kitos pajamos";"14481";
"24-SEP-15";"KITOS";"94";"Kitos pajamos";"8113.23";
"24-SEP-15";"KITOS";"94";"Kitos pajamos";"246.87";
"15-SEP-15";"KITOS";"94";"Kitos pajamos";"144.81";
"10-SEP-15";"KITOS";"94";"Kitos pajamos";"116.44";
"10-SEP-15";"KITOS";"94";"Kitos pajamos";"782.54";
"09-APR-15";"KITOS";"94";"Kitos pajamos";"33208.99";
"09-APR-15";"KITOS";"94";"Kitos pajamos";"30775.02";
"09-APR-15";"KITOS";"94";"Kitos pajamos";"32966.87";
"09-APR-15";"KITOS";"94";"Kitos pajamos";"30481.93";
"31-MAR-15";"KITOS";"94";"Kitos pajamos";"6327.87";
"29-MAR-15";"KITOS";"94";"Kitos pajamos";"292.22";
"18-MAR-15";"KITOS";"94";"Kitos pajamos";"807.42";
"09-OCT-15";"KITOS";"94";"Kitos pajamos";"116.57";
"23-APR-15";"KITOS";"94";"Kitos pajamos";"250.24";
"02-FEB-15";"KITOS";"94";"Kitos pajamos";"250.89";
"07-APR-15";"KITOS";"94";"Kitos pajamos";"141.19";
"08-MAR-15";"KITOS";"94";"Kitos pajamos";"150";
"08-OCT-15";"KITOS";"94";"Kitos pajamos";"380.62";
"03-SEP-15";"KITOS";"94";"Kitos pajamos";"3314.51";
"20-MAY-15";"KITOS";"94";"Kitos pajamos";"501";
"20-MAY-15";"KITOS";"94";"Kitos pajamos";"6050";
"20-MAY-15";"KITOS";"94";"Kitos pajamos";"650";
"20-MAY-15";"KITOS";"94";"Kitos pajamos";"1850";
"28-APR-15";"KITOS";"94";"Kitos pajamos";"1319.49";
"16-APR-15";"KITOS";"94";"Kitos pajamos";"144.81";
"02-APR-15";"KITOS";"94";"Kitos pajamos";"100";
"27-JAN-15";"KITOS";"94";"Kitos pajamos";"7612.35";
"26-JAN-15";"KITOS";"94";"Kitos pajamos";"141.19";
"26-JAN-15";"KITOS";"94";"Kitos pajamos";"35.81";
"08-MAY-15";"KITOS";"94";"Kitos pajamos";"117.64";
"21-APR-15";"KITOS";"94";"Kitos pajamos";"3000";
"21-APR-15";"KITOS";"94";"Kitos pajamos";"3220.07";
"21-APR-15";"KITOS";"94";"Kitos pajamos";"3190";
"21-APR-15";"KITOS";"94";"Kitos pajamos";"2550";
"10-MAR-15";"KITOS";"94";"Kitos pajamos";"118.07";
"12-FEB-15";"KITOS";"94";"Kitos pajamos";"4200.48";
"18-FEB-15";"KITOS";"94";"Kitos pajamos";"4057.58";
"18-FEB-15";"KITOS";"94";"Kitos pajamos";"6085.5";
"15-OCT-15";"KITOS";"94";"Kitos pajamos";"144.81";
"10-JUN-15";"KITOS";"94";"Kitos pajamos";"117.06";
"15-JUN-15";"KITOS";"94";"Kitos pajamos";"145";
"19-MAY-15";"KITOS";"94";"Kitos pajamos";"249.73";
"19-MAY-15";"KITOS";"94";"Kitos pajamos";"1302";
"19-MAY-15";"KITOS";"94";"Kitos pajamos";"1302";
"19-MAY-15";"KITOS";"94";"Kitos pajamos";"1778";
"19-MAY-15";"KITOS";"94";"Kitos pajamos";"3270";
"19-MAY-15";"KITOS";"94";"Kitos pajamos";"5054";
"23-MAR-15";"KITOS";"94";"Kitos pajamos";"250.01";
"23-MAR-15";"KITOS";"94";"Kitos pajamos";"145";
"13-MAR-15";"KITOS";"94";"Kitos pajamos";"100";
"13-MAR-15";"KITOS";"94";"Kitos pajamos";"145";
"05-MAR-15";"KITOS";"94";"Kitos pajamos";"251.15";
"16-JAN-15";"KITOS";"94";"Kitos pajamos";"144.81";
"15-JAN-15";"KITOS";"94";"Kitos pajamos";"20273.4";
"06-JAN-15";"KITOS";"94";"Kitos pajamos";"435";
"06-JAN-15";"KITOS";"94";"Kitos pajamos";"145";
"08-JAN-15";"KITOS";"94";"Kitos pajamos";"118.5";
"05-JAN-15";"KITOS";"94";"Kitos pajamos";"273.93";
"07-JAN-15";"KITOS";"94";"Kitos pajamos";"268.83";
"07-JAN-15";"KITOS";"94";"Kitos pajamos";"264.13";
"16-NOV-15";"KITOS";"96";"Kitos pajamos";"439000";
"24-NOV-15";"KITOS";"96";"Kitos pajamos";"142766.57";
"30-NOV-15";"KITOS";"96";"Kitos pajamos";"11216.15";
"30-NOV-15";"KITOS";"96";"Kitos pajamos";"12281.37";
"12-OCT-15";"KITOS";"96";"Kitos pajamos";"480149.5";
"24-AUG-15";"KITOS";"96";"Kitos pajamos";"96510.75";
"17-SEP-15";"KITOS";"96";"Kitos pajamos";"20838.57";
"21-MAY-15";"KITOS";"96";"Kitos pajamos";"16151.22";
"15-APR-15";"KITOS";"96";"Kitos pajamos";"199730.09";
"26-JUN-15";"KITOS";"96";"Kitos pajamos";"116251.71";
"24-SEP-15";"KITOS";"96";"Kitos pajamos";"14648.33";
"20-APR-15";"KITOS";"96";"Kitos pajamos";"369400.18";
"24-JUL-15";"KITOS";"96";"Kitos pajamos";"634874.98";
"10-MAR-15";"KITOS";"96";"Kitos pajamos";"87394.42";
"24-MAR-15";"KITOS";"96";"Kitos pajamos";"896318.56";
"04-MAR-15";"KITOS";"96";"Kitos pajamos";"475249.57";
"27-OCT-15";"KITOS";"100";"Kitos pajamos";"157.43";
"27-OCT-15";"KITOS";"100";"Kitos pajamos";"47.03";
"06-OCT-15";"KITOS";"100";"Kitos pajamos";"25.99";
"30-OCT-15";"KITOS";"100";"Kitos pajamos";"713.37";
"07-OCT-15";"KITOS";"100";"Kitos pajamos";"28.88";
"30-AUG-15";"KITOS";"100";"Kitos pajamos";"546.69";
"30-JUN-15";"KITOS";"100";"Kitos pajamos";"415.53";
"30-NOV-15";"KITOS";"100";"Kitos pajamos";"726.04";
"09-JUL-15";"KITOS";"100";"Kitos pajamos";".41";
"30-MAY-15";"KITOS";"100";"Kitos pajamos";"430.77";
"26-MAY-15";"KITOS";"100";"Kitos pajamos";"274.59";
"26-MAY-15";"KITOS";"100";"Kitos pajamos";"38.05";
"06-OCT-15";"KITOS";"100";"Kitos pajamos";"31.25";
"30-JUL-15";"KITOS";"100";"Kitos pajamos";"580.73";
"07-SEP-15";"KITOS";"100";"Kitos pajamos";"411.33";
"11-JUN-15";"KITOS";"100";"Kitos pajamos";"125.65";
"18-NOV-15";"KITOS";"100";"Kitos pajamos";".32";
"07-JUL-15";"KITOS";"100";"Kitos pajamos";"32.61";
"03-APR-15";"KITOS";"100";"Kitos pajamos";"298.28";
"01-OCT-15";"KITOS";"100";"Kitos pajamos";"340.8";
"13-APR-15";"KITOS";"100";"Kitos pajamos";"36.41";
"01-APR-15";"KITOS";"100";"Kitos pajamos";"30.07";
"09-MAR-15";"KITOS";"100";"Kitos pajamos";"233.59";
"09-MAR-15";"KITOS";"100";"Kitos pajamos";"36.36";
"04-NOV-15";"KITOS";"100";"Kitos pajamos";"1694.68";
"18-AUG-15";"KITOS";"100";"Kitos pajamos";"333.44";
"30-MAR-15";"KITOS";"100";"Kitos pajamos";"328.01";
"31-MAR-15";"KITOS";"100";"Kitos pajamos";"11.89";
"31-MAR-15";"KITOS";"100";"Kitos pajamos";".57";
"30-SEP-15";"KITOS";"100";"Kitos pajamos";"555.05";
"30-JAN-15";"KITOS";"100";"Kitos pajamos";"307.46";
"07-APR-15";"KITOS";"100";"Kitos pajamos";"34.43";
"08-OCT-15";"KITOS";"100";"Kitos pajamos";"33.5";
"03-SEP-15";"KITOS";"100";"Kitos pajamos";"106.52";
"09-DEC-15";"KITOS";"100";"Kitos pajamos";"47.03";
"09-DEC-15";"KITOS";"100";"Kitos pajamos";"404.95";
"30-APR-15";"KITOS";"100";"Kitos pajamos";"453.08";
"28-FEB-15";"KITOS";"100";"Kitos pajamos";"350.9";
"02-SEP-15";"KITOS";"100";"Kitos pajamos";".09";
"19-MAY-15";"KITOS";"100";"Kitos pajamos";".03";
"19-MAY-15";"KITOS";"100";"Kitos pajamos";"4.28";
"07-JAN-15";"KITOS";"100";"Kitos pajamos";"1.18";
"02-JAN-15";"KITOS";"100";"Kitos pajamos";".12";
"18-JUN-15";"KITOS";"90";"Kitos pajamos";"1449";
"30-OCT-15";"KITOS";"90";"Kitos pajamos";"4128";
"30-OCT-15";"KITOS";"90";"Kitos pajamos";"3096";
"26-AUG-15";"KITOS";"90";"Kitos pajamos";"11970";
"27-AUG-15";"KITOS";"90";"Kitos pajamos";"8892";
"25-AUG-15";"KITOS";"90";"Kitos pajamos";"2556";
"25-AUG-15";"KITOS";"90";"Kitos pajamos";"2184";
"17-SEP-15";"KITOS";"90";"Kitos pajamos";"2508";
"20-AUG-15";"KITOS";"90";"Kitos pajamos";"3678";
"20-AUG-15";"KITOS";"90";"Kitos pajamos";"1728";
"07-AUG-15";"KITOS";"90";"Kitos pajamos";"5526";
"05-JUN-15";"KITOS";"90";"Kitos pajamos";"3096";
"28-SEP-15";"KITOS";"90";"Kitos pajamos";"25137";
"11-SEP-15";"KITOS";"90";"Kitos pajamos";"2646";
"14-AUG-15";"KITOS";"90";"Kitos pajamos";"4806";
"09-JUL-15";"KITOS";"90";"Kitos pajamos";"107976";
"09-JUL-15";"KITOS";"90";"Kitos pajamos";"23550";
"09-JUL-15";"KITOS";"90";"Kitos pajamos";"46902";
"29-MAY-15";"KITOS";"90";"Kitos pajamos";"1320";
"29-OCT-15";"KITOS";"90";"Kitos pajamos";"12597";
"29-OCT-15";"KITOS";"90";"Kitos pajamos";"1080";
"23-OCT-15";"KITOS";"90";"Kitos pajamos";"3198";
"08-JUL-15";"KITOS";"90";"Kitos pajamos";"8163";
"07-SEP-15";"KITOS";"90";"Kitos pajamos";"603";
"18-NOV-15";"KITOS";"90";"Kitos pajamos";"2160";
"12-OCT-15";"KITOS";"90";"Kitos pajamos";"4044";
"12-OCT-15";"KITOS";"90";"Kitos pajamos";"888";
"07-JUL-15";"KITOS";"90";"Kitos pajamos";"1632";
"03-APR-15";"KITOS";"90";"Kitos pajamos";"396";
"10-DEC-15";"KITOS";"90";"Kitos pajamos";"102";
"10-DEC-15";"KITOS";"90";"Kitos pajamos";"102";
"12-AUG-15";"KITOS";"90";"Kitos pajamos";"1296";
"15-JUL-15";"KITOS";"90";"Kitos pajamos";"1476";
"04-MAY-15";"KITOS";"90";"Kitos pajamos";"3699";
"30-MAR-15";"KITOS";"90";"Kitos pajamos";"288";
"24-APR-15";"KITOS";"90";"Kitos pajamos";".43";
"17-APR-15";"KITOS";"90";"Kitos pajamos";"1092";
"13-APR-15";"KITOS";"90";"Kitos pajamos";"1512";
"04-MAR-15";"KITOS";"90";"Kitos pajamos";"3168";
"15-SEP-15";"KITOS";"90";"Kitos pajamos";"1428";
"26-JUN-15";"KITOS";"90";"Kitos pajamos";"1449";
"18-MAR-15";"KITOS";"90";"Kitos pajamos";"954";
"24-FEB-15";"KITOS";"90";"Kitos pajamos";"12156";
"09-OCT-15";"KITOS";"90";"Kitos pajamos";"576";
"23-APR-15";"KITOS";"90";"Kitos pajamos";"588";
"03-NOV-15";"KITOS";"90";"Kitos pajamos";"744";
"23-FEB-15";"KITOS";"90";"Kitos pajamos";"756";
"25-JUN-15";"KITOS";"90";"Kitos pajamos";"1704";
"28-APR-15";"KITOS";"90";"Kitos pajamos";"918";
"22-APR-15";"KITOS";"90";"Kitos pajamos";"774";
"16-APR-15";"KITOS";"90";"Kitos pajamos";"4428";
"09-DEC-15";"KITOS";"90";"Kitos pajamos";"756";
"08-MAY-15";"KITOS";"90";"Kitos pajamos";"870";
"21-APR-15";"KITOS";"90";"Kitos pajamos";"2022";
"17-MAR-15";"KITOS";"90";"Kitos pajamos";"4131";
"10-MAR-15";"KITOS";"90";"Kitos pajamos";"2793";
"10-MAR-15";"KITOS";"90";"Kitos pajamos";"2793";
"28-OCT-15";"KITOS";"90";"Kitos pajamos";"768";
"02-SEP-15";"KITOS";"90";"Kitos pajamos";"702";
"10-JUN-15";"KITOS";"90";"Kitos pajamos";"384";
"24-MAR-15";"KITOS";"90";"Kitos pajamos";"1584";
"14-JAN-15";"KITOS";"90";"Kitos pajamos";"1152";
"14-JAN-15";"KITOS";"90";"Kitos pajamos";"516";
"14-JAN-15";"KITOS";"90";"Kitos pajamos";"301.21";
"12-JAN-15";"KITOS";"90";"Kitos pajamos";"301.2";
"15-OCT-15";"KITOS";"91";"Kitos pajamos";"3712.63";
"11-DEC-15";"KITOS";"91";"Kitos pajamos";"152.01";
"21-OCT-15";"KITOS";"91";"Kitos pajamos";"120.83";
"21-OCT-15";"KITOS";"91";"Kitos pajamos";"500";
"11-DEC-15";"KITOS";"91";"Kitos pajamos";".01";
"11-DEC-15";"KITOS";"91";"Kitos pajamos";"50.64";
"12-OCT-15";"KITOS";"91";"Kitos pajamos";"6.79";
"08-OCT-15";"KITOS";"91";"Kitos pajamos";"1996.64";
"08-OCT-15";"KITOS";"91";"Kitos pajamos";"1500.22";
"08-OCT-15";"KITOS";"91";"Kitos pajamos";"56.76";
"06-OCT-15";"KITOS";"91";"Kitos pajamos";"3";
"09-SEP-15";"KITOS";"91";"Kitos pajamos";"600";
"11-AUG-15";"KITOS";"91";"Kitos pajamos";"22.82";
"18-JUN-15";"KITOS";"91";"Kitos pajamos";"106";
"19-NOV-15";"KITOS";"91";"Kitos pajamos";"6659.92";
"16-NOV-15";"KITOS";"91";"Kitos pajamos";"147.3";
"30-OCT-15";"KITOS";"91";"Kitos pajamos";"886.24";
"30-OCT-15";"KITOS";"91";"Kitos pajamos";"214";
"30-OCT-15";"KITOS";"91";"Kitos pajamos";"3583.07";
"30-OCT-15";"KITOS";"91";"Kitos pajamos";"41.55";
"08-SEP-15";"KITOS";"91";"Kitos pajamos";"2896.49";
"26-AUG-15";"KITOS";"91";"Kitos pajamos";"24.05";
"28-AUG-15";"KITOS";"91";"Kitos pajamos";"144.29";
"28-AUG-15";"KITOS";"91";"Kitos pajamos";"5.96";
"21-AUG-15";"KITOS";"91";"Kitos pajamos";"6.58";
"21-AUG-15";"KITOS";"91";"Kitos pajamos";"406.03";
"27-AUG-15";"KITOS";"91";"Kitos pajamos";"800";
"27-AUG-15";"KITOS";"91";"Kitos pajamos";"407.83";
"31-AUG-15";"KITOS";"91";"Kitos pajamos";"200";
"01-DEC-15";"KITOS";"91";"Kitos pajamos";"886.24";
"26-OCT-15";"KITOS";"91";"Kitos pajamos";"200";
"17-SEP-15";"KITOS";"91";"Kitos pajamos";"800";
"17-SEP-15";"KITOS";"91";"Kitos pajamos";"68.22";
"20-AUG-15";"KITOS";"91";"Kitos pajamos";"204.22";
"20-AUG-15";"KITOS";"91";"Kitos pajamos";"17.96";
"07-AUG-15";"KITOS";"91";"Kitos pajamos";"17.94";
"30-JUN-15";"KITOS";"91";"Kitos pajamos";"29.42";
"30-JUN-15";"KITOS";"91";"Kitos pajamos";"886.24";
"30-JUN-15";"KITOS";"91";"Kitos pajamos";"3.04";
"05-JUN-15";"KITOS";"91";"Kitos pajamos";"276";
"30-NOV-15";"KITOS";"91";"Kitos pajamos";"1092.41";
"30-NOV-15";"KITOS";"91";"Kitos pajamos";"126.34";
"30-NOV-15";"KITOS";"91";"Kitos pajamos";"110";
"30-NOV-15";"KITOS";"91";"Kitos pajamos";"752.78";
"30-NOV-15";"KITOS";"91";"Kitos pajamos";"36.94";
"19-NOV-15";"KITOS";"91";"Kitos pajamos";"1.82";
"19-NOV-15";"KITOS";"91";"Kitos pajamos";".01";
"19-NOV-15";"KITOS";"91";"Kitos pajamos";".4";
"16-SEP-15";"KITOS";"91";"Kitos pajamos";"4.68";
"16-SEP-15";"KITOS";"91";"Kitos pajamos";"3251.58";
"11-SEP-15";"KITOS";"91";"Kitos pajamos";"62.07";
"19-AUG-15";"KITOS";"91";"Kitos pajamos";"77.31";
"18-AUG-15";"KITOS";"91";"Kitos pajamos";"650";
"31-JUL-15";"KITOS";"91";"Kitos pajamos";"36.94";
"31-JUL-15";"KITOS";"91";"Kitos pajamos";"282.84";
"12-JUN-15";"KITOS";"91";"Kitos pajamos";"2085.94";
"12-JUN-15";"KITOS";"91";"Kitos pajamos";"8.66";
"12-JUN-15";"KITOS";"91";"Kitos pajamos";"773.56";
"05-JUN-15";"KITOS";"91";"Kitos pajamos";"3659.19";
"29-MAY-15";"KITOS";"91";"Kitos pajamos";"7.32";
"29-MAY-15";"KITOS";"91";"Kitos pajamos";"51.6";
"29-MAY-15";"KITOS";"91";"Kitos pajamos";"18.71";
"29-MAY-15";"KITOS";"91";"Kitos pajamos";"886.24";
"27-MAY-15";"KITOS";"91";"Kitos pajamos";".49";
"29-OCT-15";"KITOS";"91";"Kitos pajamos";"5623.71";
"29-OCT-15";"KITOS";"91";"Kitos pajamos";"36.94";
"30-JUL-15";"KITOS";"91";"Kitos pajamos";"8.08";
"30-JUL-15";"KITOS";"91";"Kitos pajamos";"90";
"17-JUL-15";"KITOS";"91";"Kitos pajamos";"1787.67";
"17-JUL-15";"KITOS";"91";"Kitos pajamos";"125.28";
"05-OCT-15";"KITOS";"91";"Kitos pajamos";"640";
"21-AUG-15";"KITOS";"91";"Kitos pajamos";"3656.39";
"22-JUL-15";"KITOS";"91";"Kitos pajamos";"3656.39";
"22-JUL-15";"KITOS";"91";"Kitos pajamos";"18.26";
"17-JUL-15";"KITOS";"91";"Kitos pajamos";"188.96";
"04-DEC-15";"KITOS";"91";"Kitos pajamos";"3.97";
"18-NOV-15";"KITOS";"91";"Kitos pajamos";"42.6";
"12-OCT-15";"KITOS";"91";"Kitos pajamos";"250";
"12-OCT-15";"KITOS";"91";"Kitos pajamos";"88";
"05-AUG-15";"KITOS";"91";"Kitos pajamos";"150";
"05-AUG-15";"KITOS";"91";"Kitos pajamos";"200";
"05-AUG-15";"KITOS";"91";"Kitos pajamos";"7.45";
"29-JUL-15";"KITOS";"91";"Kitos pajamos";"154.19";
"27-APR-15";"KITOS";"91";"Kitos pajamos";"103.77";
"10-APR-15";"KITOS";"91";"Kitos pajamos";"49.36";
"04-MAR-15";"KITOS";"91";"Kitos pajamos";"185.38";
"11-NOV-15";"KITOS";"91";"Kitos pajamos";"486.36";
"11-NOV-15";"KITOS";"91";"Kitos pajamos";"238.46";
"11-NOV-15";"KITOS";"91";"Kitos pajamos";"80.04";
"05-NOV-15";"KITOS";"91";"Kitos pajamos";"191.65";
"05-NOV-15";"KITOS";"91";"Kitos pajamos";"397.61";
"05-NOV-15";"KITOS";"91";"Kitos pajamos";"189.75";
"05-NOV-15";"KITOS";"91";"Kitos pajamos";"53.19";
"16-OCT-15";"KITOS";"91";"Kitos pajamos";"250";
"16-OCT-15";"KITOS";"91";"Kitos pajamos";"1900.45";
"16-OCT-15";"KITOS";"91";"Kitos pajamos";"563.96";
"26-AUG-15";"KITOS";"91";"Kitos pajamos";"7";
"12-AUG-15";"KITOS";"91";"Kitos pajamos";"4.67";
"16-JUL-15";"KITOS";"91";"Kitos pajamos";"245.68";
"15-JUL-15";"KITOS";"91";"Kitos pajamos";"1.91";
"14-JUL-15";"KITOS";"91";"Kitos pajamos";"78.5";
"15-JUL-15";"KITOS";"91";"Kitos pajamos";"139.58";
"10-JUL-15";"KITOS";"91";"Kitos pajamos";"27.8";
"10-JUL-15";"KITOS";"91";"Kitos pajamos";"426.78";
"10-JUL-15";"KITOS";"91";"Kitos pajamos";"40.5";
"10-JUL-15";"KITOS";"91";"Kitos pajamos";"1182.04";
"10-JUL-15";"KITOS";"91";"Kitos pajamos";"1.5";
"10-JUL-15";"KITOS";"91";"Kitos pajamos";"4556.1";
"19-JUN-15";"KITOS";"91";"Kitos pajamos";"2757.92";
"21-MAY-15";"KITOS";"91";"Kitos pajamos";"6.91";
"14-MAY-15";"KITOS";"91";"Kitos pajamos";"300";
"14-MAY-15";"KITOS";"91";"Kitos pajamos";"82.35";
"14-MAY-15";"KITOS";"91";"Kitos pajamos";"5500";
"12-MAY-15";"KITOS";"91";"Kitos pajamos";"3.8";
"12-MAY-15";"KITOS";"91";"Kitos pajamos";"553.92";
"03-APR-15";"KITOS";"91";"Kitos pajamos";"30";
"30-MAR-15";"KITOS";"91";"Kitos pajamos";"886.24";
"13-FEB-15";"KITOS";"91";"Kitos pajamos";"26.29";
"13-FEB-15";"KITOS";"91";"Kitos pajamos";"39.5";
"13-FEB-15";"KITOS";"91";"Kitos pajamos";"30.42";
"02-OCT-15";"KITOS";"91";"Kitos pajamos";"53.91";
"20-AUG-15";"KITOS";"91";"Kitos pajamos";"35.5";
"24-JUL-15";"KITOS";"91";"Kitos pajamos";"175.7";
"24-JUL-15";"KITOS";"91";"Kitos pajamos";"173.85";
"23-JUL-15";"KITOS";"91";"Kitos pajamos";"654.58";
"23-JUL-15";"KITOS";"91";"Kitos pajamos";"77";
"15-APR-15";"KITOS";"91";"Kitos pajamos";"131.07";
"15-APR-15";"KITOS";"91";"Kitos pajamos";"29.83";
"15-APR-15";"KITOS";"91";"Kitos pajamos";"28.09";
"08-APR-15";"KITOS";"91";"Kitos pajamos";"216.59";
"08-APR-15";"KITOS";"91";"Kitos pajamos";"1.78";
"19-MAR-15";"KITOS";"91";"Kitos pajamos";"289.62";
"19-MAR-15";"KITOS";"91";"Kitos pajamos";"2926";
"16-MAR-15";"KITOS";"91";"Kitos pajamos";"605.3";
"16-MAR-15";"KITOS";"91";"Kitos pajamos";"99.92";
"16-MAR-15";"KITOS";"91";"Kitos pajamos";"8685.7";
"16-MAR-15";"KITOS";"91";"Kitos pajamos";"29.83";
"09-MAR-15";"KITOS";"91";"Kitos pajamos";"57.91";
"27-NOV-15";"KITOS";"91";"Kitos pajamos";"44.85";
"23-NOV-15";"KITOS";"91";"Kitos pajamos";"96";
"04-NOV-15";"KITOS";"91";"Kitos pajamos";"173.01";
"04-NOV-15";"KITOS";"91";"Kitos pajamos";"3.97";
"04-NOV-15";"KITOS";"91";"Kitos pajamos";"856.98";
"24-SEP-15";"KITOS";"91";"Kitos pajamos";"9.26";
"15-SEP-15";"KITOS";"91";"Kitos pajamos";"140.49";
"15-SEP-15";"KITOS";"91";"Kitos pajamos";"7.82";
"15-SEP-15";"KITOS";"91";"Kitos pajamos";"50.98";
"18-AUG-15";"KITOS";"91";"Kitos pajamos";"166.53";
"13-AUG-15";"KITOS";"91";"Kitos pajamos";"1071.58";
"26-JUN-15";"KITOS";"91";"Kitos pajamos";"6.06";
"16-JUN-15";"KITOS";"91";"Kitos pajamos";"1.83";
"16-JUN-15";"KITOS";"91";"Kitos pajamos";"1592.91";
"16-JUN-15";"KITOS";"91";"Kitos pajamos";"69.67";
"03-JUN-15";"KITOS";"91";"Kitos pajamos";"188.96";
"03-JUN-15";"KITOS";"91";"Kitos pajamos";"27.8";
"28-MAY-15";"KITOS";"91";"Kitos pajamos";"57.72";
"28-MAY-15";"KITOS";"91";"Kitos pajamos";"34.7";
"20-APR-15";"KITOS";"91";"Kitos pajamos";"343.2";
"13-APR-15";"KITOS";"91";"Kitos pajamos";"27.8";
"09-APR-15";"KITOS";"91";"Kitos pajamos";".01";
"09-APR-15";"KITOS";"91";"Kitos pajamos";"28.81";
"08-APR-15";"KITOS";"91";"Kitos pajamos";"28.08";
"31-MAR-15";"KITOS";"91";"Kitos pajamos";"10000";
"31-MAR-15";"KITOS";"91";"Kitos pajamos";"541.56";
"31-MAR-15";"KITOS";"91";"Kitos pajamos";"730.66";
"18-MAR-15";"KITOS";"91";"Kitos pajamos";"188.96";
"24-FEB-15";"KITOS";"91";"Kitos pajamos";"26.5";
"05-FEB-15";"KITOS";"91";"Kitos pajamos";"642.17";
"05-FEB-15";"KITOS";"91";"Kitos pajamos";"188.96";
"04-FEB-15";"KITOS";"91";"Kitos pajamos";"15";
"20-NOV-15";"KITOS";"91";"Kitos pajamos";"30.33";
"09-OCT-15";"KITOS";"91";"Kitos pajamos";"112";
"09-OCT-15";"KITOS";"91";"Kitos pajamos";"112";
"09-OCT-15";"KITOS";"91";"Kitos pajamos";"112";
"09-OCT-15";"KITOS";"91";"Kitos pajamos";"112";
"09-OCT-15";"KITOS";"91";"Kitos pajamos";"56.52";
"30-SEP-15";"KITOS";"91";"Kitos pajamos";"3.97";
"04-SEP-15";"KITOS";"91";"Kitos pajamos";"189.75";
"04-SEP-15";"KITOS";"91";"Kitos pajamos";"350";
"04-SEP-15";"KITOS";"91";"Kitos pajamos";"900";
"02-JUL-15";"KITOS";"91";"Kitos pajamos";"7.32";
"08-JUN-15";"KITOS";"91";"Kitos pajamos";"28.8";
"09-JUN-15";"KITOS";"91";"Kitos pajamos";"430";
"09-JUN-15";"KITOS";"91";"Kitos pajamos";"56.37";
"06-MAY-15";"KITOS";"91";"Kitos pajamos";"188.96";
"30-APR-15";"KITOS";"91";"Kitos pajamos";"886.24";
"23-APR-15";"KITOS";"91";"Kitos pajamos";"27.8";
"03-FEB-15";"KITOS";"91";"Kitos pajamos";"15";
"03-FEB-15";"KITOS";"91";"Kitos pajamos";"15.4";
"10-NOV-15";"KITOS";"91";"Kitos pajamos";"4.41";
"30-SEP-15";"KITOS";"91";"Kitos pajamos";"886.24";
"23-SEP-15";"KITOS";"91";"Kitos pajamos";"247.98";
"06-MAY-15";"KITOS";"91";"Kitos pajamos";"113.93";
"20-APR-15";"KITOS";"91";"Kitos pajamos";"9646.37";
"31-MAR-15";"KITOS";"91";"Kitos pajamos";"9.23";
"25-MAR-15";"KITOS";"91";"Kitos pajamos";"14483.32";
"25-MAR-15";"KITOS";"91";"Kitos pajamos";"7703.89";
"25-MAR-15";"KITOS";"91";"Kitos pajamos";"7532.44";
"26-MAR-15";"KITOS";"91";"Kitos pajamos";"5242.12";
"26-MAR-15";"KITOS";"91";"Kitos pajamos";"2.63";
"06-MAR-15";"KITOS";"91";"Kitos pajamos";"69974.29";
"11-FEB-15";"KITOS";"91";"Kitos pajamos";"886.24";
"29-JAN-15";"KITOS";"91";"Kitos pajamos";"30";
"28-JAN-15";"KITOS";"91";"Kitos pajamos";"20595.17";
"28-JAN-15";"KITOS";"91";"Kitos pajamos";"2.63";
"28-JAN-15";"KITOS";"91";"Kitos pajamos";"15";
"29-JAN-15";"KITOS";"91";"Kitos pajamos";"15";
"17-NOV-15";"KITOS";"91";"Kitos pajamos";"27.3";
"17-NOV-15";"KITOS";"91";"Kitos pajamos";"360.62";
"17-NOV-15";"KITOS";"91";"Kitos pajamos";"283.28";
"08-OCT-15";"KITOS";"91";"Kitos pajamos";"189.75";
"08-OCT-15";"KITOS";"91";"Kitos pajamos";"36.94";
"18-SEP-15";"KITOS";"91";"Kitos pajamos";"3656.39";
"03-AUG-15";"KITOS";"91";"Kitos pajamos";"886.24";
"25-JUN-15";"KITOS";"91";"Kitos pajamos";"1725.02";
"25-JUN-15";"KITOS";"91";"Kitos pajamos";"5792.4";
"20-MAY-15";"KITOS";"91";"Kitos pajamos";"14.01";
"20-MAY-15";"KITOS";"91";"Kitos pajamos";"6";
"20-MAY-15";"KITOS";"91";"Kitos pajamos";"3656.38";
"28-APR-15";"KITOS";"91";"Kitos pajamos";"95.86";
"28-APR-15";"KITOS";"91";"Kitos pajamos";"188.96";
"14-APR-15";"KITOS";"91";"Kitos pajamos";"2101.01";
"02-APR-15";"KITOS";"91";"Kitos pajamos";"20.85";
"20-MAR-15";"KITOS";"91";"Kitos pajamos";"25.54";
"24-FEB-15";"KITOS";"91";"Kitos pajamos";"27.8";
"26-FEB-15";"KITOS";"91";"Kitos pajamos";"100.87";
"26-FEB-15";"KITOS";"91";"Kitos pajamos";"178.02";
"27-JAN-15";"KITOS";"91";"Kitos pajamos";"27.67";
"27-JAN-15";"KITOS";"91";"Kitos pajamos";"32";
"27-JAN-15";"KITOS";"91";"Kitos pajamos";"25.54";
"27-JAN-15";"KITOS";"91";"Kitos pajamos";"1810.94";
"27-JAN-15";"KITOS";"91";"Kitos pajamos";"157.78";
"09-DEC-15";"KITOS";"91";"Kitos pajamos";"3647.85";
"09-DEC-15";"KITOS";"91";"Kitos pajamos";"10.88";
"09-DEC-15";"KITOS";"91";"Kitos pajamos";"328.7";
"09-DEC-15";"KITOS";"91";"Kitos pajamos";"555.8";
"09-DEC-15";"KITOS";"91";"Kitos pajamos";".61";
"08-MAY-15";"KITOS";"91";"Kitos pajamos";"124.83";
"30-APR-15";"KITOS";"91";"Kitos pajamos";"2172.15";
"30-APR-15";"KITOS";"91";"Kitos pajamos";"2.91";
"22-APR-15";"KITOS";"91";"Kitos pajamos";"617.25";
"16-APR-15";"KITOS";"91";"Kitos pajamos";"74.57";
"21-APR-15";"KITOS";"91";"Kitos pajamos";"3660.77";
"17-MAR-15";"KITOS";"91";"Kitos pajamos";"56.69";
"10-MAR-15";"KITOS";"91";"Kitos pajamos";"9.23";
"20-FEB-15";"KITOS";"91";"Kitos pajamos";"3660.56";
"20-FEB-15";"KITOS";"91";"Kitos pajamos";".19";
"18-FEB-15";"KITOS";"91";"Kitos pajamos";"30";
"18-FEB-15";"KITOS";"91";"Kitos pajamos";"55.43";
"18-FEB-15";"KITOS";"91";"Kitos pajamos";"21.58";
"18-FEB-15";"KITOS";"91";"Kitos pajamos";"2156.96";
"18-FEB-15";"KITOS";"91";"Kitos pajamos";"29.83";
"26-NOV-15";"KITOS";"91";"Kitos pajamos";"106.89";
"28-OCT-15";"KITOS";"91";"Kitos pajamos";"1603.03";
"28-OCT-15";"KITOS";"91";"Kitos pajamos";"664.59";
"14-OCT-15";"KITOS";"91";"Kitos pajamos";"613.77";
"14-OCT-15";"KITOS";"91";"Kitos pajamos";"16.63";
"14-OCT-15";"KITOS";"91";"Kitos pajamos";"35.89";
"02-SEP-15";"KITOS";"91";"Kitos pajamos";"9.28";
"02-SEP-15";"KITOS";"91";"Kitos pajamos";"886.24";
"10-JUN-15";"KITOS";"91";"Kitos pajamos";"56.62";
"19-MAY-15";"KITOS";"91";"Kitos pajamos";".01";
"27-APR-15";"KITOS";"91";"Kitos pajamos";"10.07";
"27-APR-15";"KITOS";"91";"Kitos pajamos";"3.42";
"13-MAR-15";"KITOS";"91";"Kitos pajamos";"894.93";
"13-MAR-15";"KITOS";"91";"Kitos pajamos";"3660.35";
"13-MAR-15";"KITOS";"91";"Kitos pajamos";"125.4";
"12-MAR-15";"KITOS";"91";"Kitos pajamos";"15.73";
"12-MAR-15";"KITOS";"91";"Kitos pajamos";"15.65";
"12-MAR-15";"KITOS";"91";"Kitos pajamos";"36.66";
"03-MAR-15";"KITOS";"91";"Kitos pajamos";"1911.67";
"27-FEB-15";"KITOS";"91";"Kitos pajamos";"886.24";
"27-FEB-15";"KITOS";"91";"Kitos pajamos";"2.63";
"12-FEB-15";"KITOS";"91";"Kitos pajamos";"53.26";
"12-FEB-15";"KITOS";"91";"Kitos pajamos";"1210.6";
"12-FEB-15";"KITOS";"91";"Kitos pajamos";"30";
"21-JAN-15";"KITOS";"91";"Kitos pajamos";"55.74";
"19-JAN-15";"KITOS";"91";"Kitos pajamos";"15";
"16-JAN-15";"KITOS";"91";"Kitos pajamos";"30.31";
"15-JAN-15";"KITOS";"91";"Kitos pajamos";"3660.56";
"13-JAN-15";"KITOS";"91";"Kitos pajamos";"30";
"13-JAN-15";"KITOS";"91";"Kitos pajamos";"50.34";
"15-JAN-15";"KITOS";"91";"Kitos pajamos";"29.83";
"13-JAN-15";"KITOS";"91";"Kitos pajamos";"79.99";
"14-JAN-15";"KITOS";"91";"Kitos pajamos";"418.75";
"14-JAN-15";"KITOS";"91";"Kitos pajamos";"1152.51";
"14-JAN-15";"KITOS";"91";"Kitos pajamos";"2143";
"06-JAN-15";"KITOS";"91";"Kitos pajamos";"88.51";
"08-JAN-15";"KITOS";"91";"Kitos pajamos";"7.11";
"08-JAN-15";"KITOS";"91";"Kitos pajamos";"188.96";
"05-JAN-15";"KITOS";"91";"Kitos pajamos";"565.94";
"04-MAY-15";"KITOS";"";"Kitos pajamos";"480150";
"29-APR-15";"KITOS";"";"Kitos pajamos";"190000";
"02-NOV-15";"KITOS";"";"Kitos pajamos";"1430";
"18-FEB-15";"KITOS";"";"Kitos pajamos";"6.25";
"21-OCT-15";"KITOS";"99";"Kitos pajamos";"21324.96";
"07-AUG-15";"KITOS";"99";"Kitos pajamos";"66009.91";
"26-MAY-15";"KITOS";"99";"Kitos pajamos";"11847.2";
"11-DEC-15";"FM";"2M18";"Pajamos iš finansų ministerijos";"331845.83";
"02-DEC-15";"FM";"2M18";"Pajamos iš finansų ministerijos";"231761.66";
"30-OCT-15";"FM";"2M18";"Pajamos iš finansų ministerijos";"70690.39";
"07-AUG-15";"FM";"2M18";"Pajamos iš finansų ministerijos";"105502.13";
"12-NOV-15";"FM";"2M18";"Pajamos iš finansų ministerijos";"254573.98";
"05-OCT-15";"FM";"2M18";"Pajamos iš finansų ministerijos";"54937.61";
"12-OCT-15";"FM";"2M18";"Pajamos iš finansų ministerijos";"115848";
"16-OCT-15";"FM";"2M18";"Pajamos iš finansų ministerijos";"1563.99";
"26-AUG-15";"FM";"2M18";"Pajamos iš finansų ministerijos";"42502.06";
"24-APR-15";"FM";"2M18";"Pajamos iš finansų ministerijos";"144810";
"17-APR-15";"FM";"2M18";"Pajamos iš finansų ministerijos";"14046.57";
"10-SEP-15";"FM";"2M18";"Pajamos iš finansų ministerijos";"32227.94";
"10-SEP-15";"FM";"2M18";"Pajamos iš finansų ministerijos";"120309.83";
"13-APR-15";"FM";"2M18";"Pajamos iš finansų ministerijos";"10266.68";
"13-APR-15";"FM";"2M18";"Pajamos iš finansų ministerijos";"78777";
"09-OCT-15";"FM";"2M18";"Pajamos iš finansų ministerijos";"116718.72";
"30-SEP-15";"FM";"2M18";"Pajamos iš finansų ministerijos";"16671.83";
"02-NOV-15";"FM";"2M18";"Pajamos iš finansų ministerijos";"105672.84";
"31-AUG-15";"FM";"2M16";"Pajamos iš finansų ministerijos";"37628.94";
"28-SEP-15";"FM";"2M16";"Pajamos iš finansų ministerijos";"47376.68";
"06-NOV-15";"FM";"2M16";"Pajamos iš finansų ministerijos";"5905.31";
"20-OCT-15";"FM";"2M16";"Pajamos iš finansų ministerijos";"7874.54";
"13-AUG-15";"FM";"2M16";"Pajamos iš finansų ministerijos";"13073.19";
"10-NOV-15";"FM";"2M16";"Pajamos iš finansų ministerijos";"5982.71";
"26-NOV-15";"FM";"2M16";"Pajamos iš finansų ministerijos";"1246.63";
"07-OCT-15";"FM";"VL11";"Pajamos iš finansų ministerijos";"19079";
"09-APR-15";"FM";"VL11";"Pajamos iš finansų ministerijos";"6028";
"09-APR-15";"FM";"VL11";"Pajamos iš finansų ministerijos";"177";
"09-APR-15";"FM";"VL11";"Pajamos iš finansų ministerijos";"280";
"01-APR-15";"FM";"VL11";"Pajamos iš finansų ministerijos";"1293";
"07-APR-15";"FM";"VL11";"Pajamos iš finansų ministerijos";"5160";
"07-APR-15";"FM";"VL11";"Pajamos iš finansų ministerijos";"16647";
"08-JUL-15";"FM";"VL11";"Pajamos iš finansų ministerijos";"2009";
"08-JUL-15";"FM";"VL11";"Pajamos iš finansų ministerijos";"337";
"08-JUL-15";"FM";"VL11";"Pajamos iš finansų ministerijos";"231";
"03-JUL-15";"FM";"VL11";"Pajamos iš finansų ministerijos";"983";
"03-JUL-15";"FM";"VL11";"Pajamos iš finansų ministerijos";"3171";
"30-MAR-15";"FM";"VL11";"Pajamos iš finansų ministerijos";"1779";
"30-MAR-15";"FM";"VL11";"Pajamos iš finansų ministerijos";"6027";
"26-MAR-15";"FM";"VL11";"Pajamos iš finansų ministerijos";"9909";
"26-MAR-15";"FM";"VL11";"Pajamos iš finansų ministerijos";"50";
"26-OCT-15";"FM";"";"Pajamos iš finansų ministerijos";"3334";
"21-JUL-15";"FM";"";"Pajamos iš finansų ministerijos";"6065";
"16-APR-15";"FM";"";"Pajamos iš finansų ministerijos";"5500";
"28-JAN-15";"FM";"";"Pajamos iš finansų ministerijos";"8000";
"08-JUL-15";"FM";"SV77F";"Pajamos iš finansų ministerijos";"310038";
"09-OCT-15";"FM";"SV77F";"Pajamos iš finansų ministerijos";"282145";
"14-APR-15";"FM";"SV77F";"Pajamos iš finansų ministerijos";"293264";
"27-FEB-15";"FM";"SV77F";"Pajamos iš finansų ministerijos";"208089.12";
"15-JAN-15";"FM";"SV77F";"Pajamos iš finansų ministerijos";"90577.88";
"30-OCT-15";"FM";"SV 76F";"Pajamos iš finansų ministerijos";"43203";
"30-JUL-15";"FM";"SV 76F";"Pajamos iš finansų ministerijos";"42300";
"23-APR-15";"FM";"SV 76F";"Pajamos iš finansų ministerijos";"42300";
"30-JAN-15";"FM";"SV 76F";"Pajamos iš finansų ministerijos";"41800";
"09-JUL-15";"FM";"SV75F";"Pajamos iš finansų ministerijos";"212217";
"09-APR-15";"FM";"SV75F";"Pajamos iš finansų ministerijos";"212218";
"08-OCT-15";"FM";"SV75F";"Pajamos iš finansų ministerijos";"212217";
"12-JAN-15";"FM";"SV75F";"Pajamos iš finansų ministerijos";"212218";
"10-JUL-15";"FM";"SV73F";"Pajamos iš finansų ministerijos";"95589";
"09-APR-15";"FM";"SV73F";"Pajamos iš finansų ministerijos";"95590";
"08-OCT-15";"FM";"SV73F";"Pajamos iš finansų ministerijos";"79658";
"12-JAN-15";"FM";"SV73F";"Pajamos iš finansų ministerijos";"47795";
"30-JUN-15";"FM";"SV 69";"Pajamos iš finansų ministerijos";"12287";
"10-DEC-15";"FM";"SV 69";"Pajamos iš finansų ministerijos";"3862";
"30-JUN-15";"FM";"SV 68";"Pajamos iš finansų ministerijos";"974740";
"30-SEP-15";"FM";"SV 68";"Pajamos iš finansų ministerijos";"485897";
"05-OCT-15";"FM";"SV 60";"Pajamos iš finansų ministerijos";"596915";
"10-JUL-15";"FM";"SV 67";"Pajamos iš finansų ministerijos";"602233";
"27-NOV-15";"FM STD";"KKSD";"Specialios tikslinės dotacijos";"420000";
"22-OCT-15";"FM STD";"KKSD";"Specialios tikslinės dotacijos";"142800";
"12-JUN-15";"FM STD";"KPPP";"Specialios tikslinės dotacijos";"696065.87";
"07-AUG-15";"FM STD";"KPPP";"Specialios tikslinės dotacijos";"2052772.42";
"13-OCT-15";"FM STD";"KPPP";"Specialios tikslinės dotacijos";"1222063.17";
"11-SEP-15";"FM STD";"KPPP";"Specialios tikslinės dotacijos";"1183113.29";
"12-JUN-15";"FM STD";"KPPP";"Specialios tikslinės dotacijos";"1150324.49";
"12-NOV-15";"FM STD";"KPPP";"Specialios tikslinės dotacijos";"1234205.1";
"15-JUL-15";"FM STD";"KPPP";"Specialios tikslinės dotacijos";"1133545.06";
"15-JUL-15";"FM STD";"KPPP";"Specialios tikslinės dotacijos";"664359.72";
"09-DEC-15";"FM STD";"KPPP";"Specialios tikslinės dotacijos";"1049307.23";
"03-JUL-15";"FM STD";"01";"Specialios tikslinės dotacijos";"144.8";
"08-APR-15";"FM STD";"01";"Specialios tikslinės dotacijos";"144.8";
"08-OCT-15";"FM STD";"01";"Specialios tikslinės dotacijos";"144.8";
"20-JAN-15";"FM STD";"01";"Specialios tikslinės dotacijos";"144.8";
"10-JUL-15";"FM STD";"01";"Specialios tikslinės dotacijos";"16769";
"09-OCT-15";"FM STD";"01";"Specialios tikslinės dotacijos";"16769";
"10-APR-15";"FM STD";"01";"Specialios tikslinės dotacijos";"16769";
"13-JAN-15";"FM STD";"01";"Specialios tikslinės dotacijos";"16769";
"12-OCT-15";"FM STD";"01";"Specialios tikslinės dotacijos";"15669";
"10-JUL-15";"FM STD";"01";"Specialios tikslinės dotacijos";"15668";
"10-APR-15";"FM STD";"01";"Specialios tikslinės dotacijos";"15668";
"23-JAN-15";"FM STD";"01";"Specialios tikslinės dotacijos";"15668";
"30-NOV-15";"FM STD";"01";"Specialios tikslinės dotacijos";"550";
"09-JUL-15";"FM STD";"01";"Specialios tikslinės dotacijos";"3125";
"06-OCT-15";"FM STD";"01";"Specialios tikslinės dotacijos";"3125";
"09-APR-15";"FM STD";"01";"Specialios tikslinės dotacijos";"3126";
"12-JAN-15";"FM STD";"01";"Specialios tikslinės dotacijos";"3126";
"10-JUL-15";"FM STD";"01";"Specialios tikslinės dotacijos";"169573";
"10-APR-15";"FM STD";"01";"Specialios tikslinės dotacijos";"169573";
"09-OCT-15";"FM STD";"01";"Specialios tikslinės dotacijos";"169572";
"12-JAN-15";"FM STD";"01";"Specialios tikslinės dotacijos";"169573";
"12-OCT-15";"FM STD";"01";"Specialios tikslinės dotacijos";"5944";
"10-JUL-15";"FM STD";"01";"Specialios tikslinės dotacijos";"5944";
"10-APR-15";"FM STD";"01";"Specialios tikslinės dotacijos";"5945";
"23-JAN-15";"FM STD";"01";"Specialios tikslinės dotacijos";"5945";
"10-JUL-15";"FM STD";"01";"Specialios tikslinės dotacijos";"15118";
"09-OCT-15";"FM STD";"01";"Specialios tikslinės dotacijos";"15118";
"10-APR-15";"FM STD";"01";"Specialios tikslinės dotacijos";"15119";
"13-JAN-15";"FM STD";"01";"Specialios tikslinės dotacijos";"15118";
"19-AUG-15";"FM STD";"01";"Specialios tikslinės dotacijos";"676";
"09-JUL-15";"FM STD";"01";"Specialios tikslinės dotacijos";"40581";
"09-OCT-15";"FM STD";"01";"Specialios tikslinės dotacijos";"41258";
"07-APR-15";"FM STD";"01";"Specialios tikslinės dotacijos";"40581";
"09-JAN-15";"FM STD";"01";"Specialios tikslinės dotacijos";"40582";
"10-JUL-15";"FM STD";"01";"Specialios tikslinės dotacijos";"4895";
"08-APR-15";"FM STD";"01";"Specialios tikslinės dotacijos";"4924.4";
"08-OCT-15";"FM STD";"01";"Specialios tikslinės dotacijos";"4924";
"12-JAN-15";"FM STD";"01";"Specialios tikslinės dotacijos";"4894.6";
"07-JUL-15";"FM STD";"01";"Specialios tikslinės dotacijos";"36935";
"08-APR-15";"FM STD";"01";"Specialios tikslinės dotacijos";"36935";
"08-OCT-15";"FM STD";"01";"Specialios tikslinės dotacijos";"36935";
"20-JAN-15";"FM STD";"01";"Specialios tikslinės dotacijos";"36935";
"07-OCT-15";"FM STD";"01";"Specialios tikslinės dotacijos";"6500";
"07-JUL-15";"FM STD";"01";"Specialios tikslinės dotacijos";"6500";
"30-JAN-15";"FM STD";"01";"Specialios tikslinės dotacijos";"6500";
"07-APR-15";"FM STD";"01";"Specialios tikslinės dotacijos";"6500";
"07-OCT-15";"FM STD";"01";"Specialios tikslinės dotacijos";"1200";
"09-JUL-15";"FM STD";"01";"Specialios tikslinės dotacijos";"1200";
"13-APR-15";"FM STD";"01";"Specialios tikslinės dotacijos";"1200";
"26-JAN-15";"FM STD";"01";"Specialios tikslinės dotacijos";"1200";
"07-OCT-15";"FM STD";"01";"Specialios tikslinės dotacijos";"875";
"09-JUL-15";"FM STD";"01";"Specialios tikslinės dotacijos";"875";
"13-APR-15";"FM STD";"01";"Specialios tikslinės dotacijos";"875";
"26-JAN-15";"FM STD";"01";"Specialios tikslinės dotacijos";"875";
"10-JUL-15";"FM STD";"01";"Specialios tikslinės dotacijos";"2368";
"09-OCT-15";"FM STD";"01";"Specialios tikslinės dotacijos";"2368";
"10-APR-15";"FM STD";"01";"Specialios tikslinės dotacijos";"2368";
"13-JAN-15";"FM STD";"01";"Specialios tikslinės dotacijos";"2367";
"10-JUL-15";"FM STD";"01";"Specialios tikslinės dotacijos";"68126";
"09-OCT-15";"FM STD";"01";"Specialios tikslinės dotacijos";"68126";
"10-APR-15";"FM STD";"01";"Specialios tikslinės dotacijos";"68126";
"13-JAN-15";"FM STD";"01";"Specialios tikslinės dotacijos";"68126";
"09-NOV-15";"FM STD";"66";"Specialios tikslinės dotacijos";"289864";
"10-AUG-15";"FM STD";"66";"Specialios tikslinės dotacijos";"289864";
"10-APR-15";"FM STD";"66";"Specialios tikslinės dotacijos";"289864";
"10-JUL-15";"FM STD";"66";"Specialios tikslinės dotacijos";"289864";
"10-SEP-15";"FM STD";"66";"Specialios tikslinės dotacijos";"289863";
"09-OCT-15";"FM STD";"66";"Specialios tikslinės dotacijos";"289864";
"11-MAY-15";"FM STD";"66";"Specialios tikslinės dotacijos";"289864";
"14-DEC-15";"FM STD";"66";"Specialios tikslinės dotacijos";"3647";
"09-DEC-15";"FM STD";"66";"Specialios tikslinės dotacijos";"177577";
"10-JUN-15";"FM STD";"66";"Specialios tikslinės dotacijos";"289863";
"10-MAR-15";"FM STD";"66";"Specialios tikslinės dotacijos";"289863";
"10-FEB-15";"FM STD";"66";"Specialios tikslinės dotacijos";"289864";
"12-JAN-15";"FM STD";"66";"Specialios tikslinės dotacijos";"289864";
"07-OCT-15";"FM STD";"65";"Specialios tikslinės dotacijos";"134171";
"10-AUG-15";"FM STD";"65";"Specialios tikslinės dotacijos";"107337";
"08-DEC-15";"FM STD";"65";"Specialios tikslinės dotacijos";"156532";
"10-JUL-15";"FM STD";"65";"Specialios tikslinės dotacijos";"89447";
"10-APR-15";"FM STD";"65";"Specialios tikslinės dotacijos";"169950";
"10-SEP-15";"FM STD";"65";"Specialios tikslinės dotacijos";"92522";
"10-NOV-15";"FM STD";"65";"Specialios tikslinės dotacijos";"47273";
"11-MAY-15";"FM STD";"65";"Specialios tikslinės dotacijos";"169950";
"10-JUN-15";"FM STD";"65";"Specialios tikslinės dotacijos";"107336";
"10-MAR-15";"FM STD";"65";"Specialios tikslinės dotacijos";"187839";
"10-FEB-15";"FM STD";"65";"Specialios tikslinės dotacijos";"187839";
"12-JAN-15";"FM STD";"65";"Specialios tikslinės dotacijos";"161005";
"12-AUG-15";"FM STD";"";"Specialios tikslinės dotacijos";"33534";
"17-AUG-15";"FM STD";"";"Specialios tikslinės dotacijos";"596915";
"10-JUL-15";"FM STD";"";"Specialios tikslinės dotacijos";"259447.27";
"15-JUN-15";"FM STD";"";"Specialios tikslinės dotacijos";"316257";
"10-JUL-15";"FM STD";"";"Specialios tikslinės dotacijos";"116967.84";
"26-OCT-15";"FM STD";"";"Specialios tikslinės dotacijos";"33534";
"02-OCT-15";"FM STD";"";"Specialios tikslinės dotacijos";"1397.66";
"07-OCT-15";"FM STD";"33";"Specialios tikslinės dotacijos";"359338";
"27-MAR-15";"FM STD";"33";"Specialios tikslinės dotacijos";"97970";
"10-JUL-15";"FM STD";"33";"Specialios tikslinės dotacijos";"512153";
"10-APR-15";"FM STD";"33";"Specialios tikslinės dotacijos";"482154";
"10-JUN-15";"FM STD";"33";"Specialios tikslinės dotacijos";"64800";
"12-JAN-15";"FM STD";"33";"Specialios tikslinės dotacijos";"482154";
"01-DEC-15";"FM STD";"05";"Specialios tikslinės dotacijos";"9711609";
"04-MAY-15";"FM STD";"05";"Specialios tikslinės dotacijos";"17177016";
"01-JUN-15";"FM STD";"05";"Specialios tikslinės dotacijos";"17177016";
"02-FEB-15";"FM STD";"05";"Specialios tikslinės dotacijos";"8638166";
"06-OCT-15";"FM STD";"05";"Specialios tikslinės dotacijos";"9199228";
"02-APR-15";"FM STD";"05";"Specialios tikslinės dotacijos";"8588508";
"02-MAR-15";"FM STD";"05";"Specialios tikslinės dotacijos";"8588508";
"01-JUL-15";"FM STD";"05";"Specialios tikslinės dotacijos";"4294254";
"02-NOV-15";"FM STD";"05";"Specialios tikslinės dotacijos";"8602132";
"01-SEP-15";"FM STD";"05";"Specialios tikslinės dotacijos";"4319764";
"12-JAN-15";"FM STD";"05";"Specialios tikslinės dotacijos";"8538850";
"25-MAR-15";"PASKOLA";"";"Paskola pinigų srautams subalansuoti";"4739295.65";
